start_ms,end_ms,dur_ms,stream,kind
0.0000,0.2593,0.2593,13,H2D
0.2701,5.3421,5.0720,13,kernel
0.3946,0.6568,0.2622,14,H2D
1.5660,1.8374,0.2714,15,H2D
5.1400,10.3147,5.1747,14,kernel
6.2865,6.5578,0.2712,16,H2D
10.1054,15.2974,5.1919,15,kernel
15.0679,15.5250,0.4570,13,kernel
15.5108,20.6026,5.0918,16,kernel
15.5269,15.7679,0.2410,13,D2H
20.3851,20.8424,0.4573,14,kernel
20.8275,21.1912,0.3637,15,kernel
20.8459,21.0869,0.2409,14,D2H
21.1767,21.5380,0.3613,16,kernel
21.1997,21.4407,0.2410,15,D2H
21.5468,21.7878,0.2410,16,D2H
32.0660,32.3311,0.2651,13,H2D
32.3343,32.6131,0.2788,14,H2D
32.3438,37.4237,5.0799,13,kernel
32.6167,32.8908,0.2741,15,H2D
32.8947,33.1801,0.2854,16,H2D
37.2126,42.3801,5.1675,14,kernel
42.1723,47.3410,5.1687,15,kernel
47.1385,52.3216,5.1831,16,kernel
52.1047,52.5610,0.4563,13,kernel
52.5463,52.9104,0.3641,14,kernel
52.5685,52.8096,0.2411,13,D2H
52.8963,53.2594,0.3631,15,kernel
52.9138,53.1547,0.2409,14,D2H
53.2451,53.6074,0.3623,16,kernel
53.2613,53.5024,0.2411,15,D2H
53.6086,53.8496,0.2410,16,D2H
61.1128,61.3766,0.2637,13,H2D
61.3790,61.6543,0.2753,14,H2D
61.3829,66.4657,5.0827,13,kernel
61.6579,61.9312,0.2732,15,H2D
61.9356,62.2097,0.2741,16,H2D
66.2535,71.4271,5.1735,14,kernel
71.2162,76.3909,5.1747,15,kernel
76.1759,81.3565,5.1806,16,kernel
81.1395,81.6000,0.4606,13,kernel
81.5855,81.9484,0.3629,14,kernel
81.6015,81.8425,0.2410,13,D2H
81.9343,82.2985,0.3642,15,kernel
81.9554,82.1963,0.2410,14,D2H
82.2834,82.6448,0.3614,16,kernel
82.3003,82.5413,0.2411,15,D2H
82.6476,82.8885,0.2409,16,D2H
88.7660,89.0292,0.2632,13,H2D
89.0325,89.3083,0.2758,14,H2D
89.0405,94.1129,5.0724,13,kernel
89.3119,89.5870,0.2751,15,H2D
89.5905,89.8643,0.2738,16,H2D
93.9113,99.0856,5.1743,14,kernel
98.8746,104.0394,5.1648,15,kernel
103.8345,109.0237,5.1893,16,kernel
108.7984,109.2582,0.4598,13,kernel
109.2435,109.6065,0.3630,14,kernel
109.2628,109.5039,0.2411,13,D2H
109.5923,109.9571,0.3648,15,kernel
109.6107,109.8518,0.2411,14,D2H
109.9420,110.3032,0.3612,16,kernel
109.9642,110.2050,0.2408,15,D2H
110.3090,110.5499,0.2410,16,D2H
115.2870,115.5469,0.2599,13,H2D
115.5523,120.6222,5.0699,13,kernel
116.0509,116.3206,0.2698,14,H2D
116.3239,116.5977,0.2738,15,H2D
116.6013,116.8728,0.2715,16,H2D
120.4229,125.5834,5.1605,14,kernel
125.3842,130.5589,5.1746,15,kernel
130.3510,135.5369,5.1859,16,kernel
135.3138,135.7704,0.4566,13,kernel
135.7555,136.1194,0.3639,14,kernel
135.7756,136.0168,0.2412,13,D2H
136.1053,136.4689,0.3636,15,kernel
136.1224,136.3634,0.2410,14,D2H
136.4542,136.8165,0.3623,16,kernel
136.4770,136.7180,0.2410,15,D2H
136.8231,137.0641,0.2410,16,D2H
139.3236,139.5828,0.2592,13,H2D
139.5922,144.6717,5.0795,13,kernel
140.1832,140.4513,0.2681,14,H2D
140.4550,140.7285,0.2735,15,H2D
140.7323,141.0050,0.2728,16,H2D
144.4577,149.6373,5.1795,14,kernel
149.4254,154.5938,5.1684,15,kernel
154.3865,159.5656,5.1791,16,kernel
159.3481,159.8085,0.4605,13,kernel
159.7941,160.1580,0.3639,14,kernel
159.8158,160.0569,0.2411,13,D2H
160.1435,160.5076,0.3641,15,kernel
160.1613,160.4023,0.2410,14,D2H
160.4926,160.8545,0.3619,16,kernel
160.5149,160.7558,0.2410,15,D2H
160.8599,161.1009,0.2409,16,D2H
163.2075,163.4673,0.2598,13,H2D
163.4754,168.5457,5.0703,13,kernel
164.1114,164.3761,0.2647,14,H2D
164.3798,164.6530,0.2733,15,H2D
164.6566,164.9268,0.2702,16,H2D
168.3449,173.5152,5.1703,14,kernel
173.3085,178.4835,5.1750,15,kernel
178.2686,183.4488,5.1802,16,kernel
183.2335,183.6914,0.4579,13,kernel
183.6774,184.0410,0.3636,14,kernel
183.7001,183.9411,0.2410,13,D2H
184.0268,184.3902,0.3634,15,kernel
184.0446,184.2856,0.2410,14,D2H
184.3762,184.7381,0.3619,16,kernel
184.3991,184.6403,0.2412,15,D2H
184.7463,184.9872,0.2410,16,D2H
187.0286,187.2885,0.2599,13,H2D
187.2952,192.3677,5.0726,13,kernel
188.8299,189.0953,0.2653,14,H2D
189.0985,189.3738,0.2752,15,H2D
189.3775,189.6514,0.2738,16,H2D
192.1655,197.3401,5.1746,14,kernel
197.1270,202.3040,5.1770,15,kernel
202.0919,207.2680,5.1761,16,kernel
207.0567,207.5116,0.4549,13,kernel
207.4973,207.8607,0.3634,14,kernel
207.5169,207.7579,0.2410,13,D2H
207.8465,208.2104,0.3639,15,kernel
207.8643,208.1052,0.2409,14,D2H
208.1957,208.5569,0.3612,16,kernel
208.2179,208.4589,0.2410,15,D2H
208.5629,208.8038,0.2409,16,D2H
210.5353,210.7988,0.2635,13,H2D
210.8020,211.0816,0.2795,14,H2D
210.8096,215.8882,5.0786,13,kernel
211.0852,211.3611,0.2759,15,H2D
211.3652,211.6382,0.2730,16,H2D
215.6786,220.8439,5.1652,14,kernel
220.6449,225.8240,5.1791,15,kernel
225.6080,230.8020,5.1940,16,kernel
230.5672,231.0270,0.4598,13,kernel
231.0124,231.3757,0.3633,14,kernel
231.0307,231.2717,0.2410,13,D2H
231.3614,231.7248,0.3634,15,kernel
231.3786,231.6195,0.2409,14,D2H
231.7109,232.0718,0.3610,16,kernel
231.7335,231.9744,0.2409,15,D2H
232.0786,232.3195,0.2410,16,D2H
234.3293,234.5899,0.2606,13,H2D
234.5930,234.8655,0.2725,14,H2D
234.6017,239.6728,5.0711,13,kernel
234.8696,235.1667,0.2971,15,H2D
235.1709,235.4439,0.2730,16,H2D
239.4672,244.6396,5.1725,14,kernel
244.4400,249.6015,5.1615,15,kernel
249.3954,254.5851,5.1897,16,kernel
254.3593,254.8187,0.4594,13,kernel
254.8045,255.1677,0.3633,14,kernel
254.8284,255.0693,0.2410,13,D2H
255.1539,255.5173,0.3634,15,kernel
255.1720,255.4130,0.2410,14,D2H
255.5031,255.8643,0.3611,16,kernel
255.5256,255.7665,0.2409,15,D2H
255.8707,256.1116,0.2409,16,D2H
257.9087,258.1739,0.2652,13,H2D
258.1774,258.4533,0.2759,14,H2D
258.1793,260.7451,2.5658,13,kernel
258.4574,258.7320,0.2746,15,H2D
258.7349,259.0088,0.2738,16,H2D
260.6412,263.2477,2.6064,14,kernel
263.1452,265.7484,2.6032,15,kernel
265.6469,268.1942,2.5473,16,kernel
268.0874,268.3141,0.2267,13,kernel
268.3067,268.4894,0.1827,14,kernel
268.3165,268.5569,0.2403,13,D2H
268.4824,268.6653,0.1829,15,kernel
268.5612,268.8018,0.2406,14,D2H
268.6582,268.8398,0.1816,16,kernel
268.8060,269.0462,0.2402,15,D2H
269.0508,269.2911,0.2403,16,D2H
271.6730,271.9390,0.2661,13,H2D
271.9410,272.2174,0.2765,14,H2D
271.9416,274.4112,2.4696,13,kernel
272.2211,272.4951,0.2739,15,H2D
272.4980,272.7719,0.2739,16,H2D
274.3105,276.8221,2.5117,14,kernel
276.7191,279.1679,2.4487,15,kernel
279.0752,281.5314,2.4562,16,kernel
281.4263,281.6480,0.2217,13,kernel
281.6412,281.8203,0.1791,14,kernel
281.6519,281.8923,0.2404,13,D2H
281.8130,281.9912,0.1782,15,kernel
281.8965,282.1372,0.2407,14,D2H
281.9845,282.1615,0.1771,16,kernel
282.1425,282.3828,0.2403,15,D2H
282.3872,282.6275,0.2402,16,D2H
284.7304,284.9941,0.2637,13,H2D
284.9967,285.2717,0.2750,14,H2D
285.0026,287.4068,2.4042,13,kernel
285.2746,285.5483,0.2737,15,H2D
285.5513,285.8241,0.2728,16,H2D
287.3120,289.7596,2.4476,14,kernel
289.6603,292.1074,2.4471,15,kernel
292.0070,294.4610,2.4540,16,kernel
294.3583,294.5792,0.2208,13,kernel
294.5724,294.7509,0.1786,14,kernel
294.5871,294.8274,0.2403,13,D2H
294.7440,294.9222,0.1782,15,kernel
294.8317,295.0720,0.2403,14,D2H
294.9154,295.0926,0.1772,16,kernel
295.0763,295.3168,0.2404,15,D2H
295.3211,295.5632,0.2421,16,D2H
297.9336,298.1971,0.2635,13,H2D
298.2009,298.4752,0.2743,14,H2D
298.2018,300.6051,2.4033,13,kernel
298.4785,298.7512,0.2728,15,H2D
298.7545,299.0271,0.2727,16,H2D
300.5094,302.9533,2.4439,14,kernel
302.8588,305.3040,2.4452,15,kernel
305.2084,307.6610,2.4527,16,kernel
307.5552,307.7778,0.2226,13,kernel
307.7707,307.9493,0.1787,14,kernel
307.7798,308.0201,0.2403,13,D2H
307.9423,308.1204,0.1781,15,kernel
308.0245,308.2647,0.2403,14,D2H
308.1135,308.2910,0.1775,16,kernel
308.2690,308.5093,0.2403,15,D2H
308.5137,308.7540,0.2403,16,D2H
310.9615,311.2274,0.2659,13,H2D
311.2300,311.5052,0.2752,14,H2D
311.2399,313.6422,2.4023,13,kernel
311.5085,311.7825,0.2739,15,H2D
311.7857,312.0582,0.2725,16,H2D
313.5479,315.9936,2.4457,14,kernel
315.8968,318.3445,2.4478,15,kernel
318.2430,320.6911,2.4481,16,kernel
320.5899,320.8124,0.2225,13,kernel
320.8053,320.9835,0.1782,14,kernel
320.8190,321.0600,0.2410,13,D2H
320.9768,321.1546,0.1778,15,kernel
321.0643,321.3045,0.2402,14,D2H
321.1479,321.3248,0.1769,16,kernel
321.3088,321.5492,0.2404,15,D2H
321.5539,321.7942,0.2402,16,D2H
324.4112,324.6831,0.2719,13,H2D
324.6857,324.9626,0.2769,14,H2D
324.6967,327.1041,2.4074,13,kernel
324.9659,325.2613,0.2954,15,H2D
325.2646,325.5398,0.2753,16,H2D
327.0048,329.4494,2.4446,14,kernel
329.3514,331.7964,2.4450,15,kernel
331.6984,334.1455,2.4472,16,kernel
334.0438,334.2668,0.2230,13,kernel
334.2595,334.4377,0.1782,14,kernel
334.2710,334.5113,0.2403,13,D2H
334.4309,334.6089,0.1780,15,kernel
334.5156,334.7560,0.2404,14,D2H
334.6020,334.7792,0.1772,16,kernel
334.7611,335.0015,0.2404,15,D2H
335.0059,335.2462,0.2403,16,D2H
337.5614,337.8262,0.2648,13,H2D
337.8288,338.1050,0.2762,14,H2D
337.8313,340.2362,2.4050,13,kernel
338.1089,338.3846,0.2757,15,H2D
338.3875,338.6611,0.2736,16,H2D
340.1372,342.5837,2.4465,14,kernel
342.4889,344.9399,2.4510,15,kernel
344.8371,347.2801,2.4430,16,kernel
347.1814,347.4050,0.2235,13,kernel
347.3981,347.5763,0.1782,14,kernel
347.4115,347.6519,0.2404,13,D2H
347.5697,347.7474,0.1778,15,kernel
347.6561,347.8964,0.2403,14,D2H
347.7406,347.9178,0.1773,16,kernel
347.9007,348.1409,0.2402,15,D2H
348.1454,348.3857,0.2402,16,D2H
350.4586,350.7219,0.2634,13,H2D
350.7252,351.0027,0.2775,14,H2D
350.7263,353.1337,2.4074,13,kernel
351.0058,351.2807,0.2749,15,H2D
351.2841,351.5592,0.2750,16,H2D
353.0322,355.4809,2.4487,14,kernel
355.3847,357.8296,2.4449,15,kernel
357.7289,360.1869,2.4580,16,kernel
360.0775,360.2997,0.2222,13,kernel
360.2927,360.4717,0.1789,14,kernel
360.3034,360.5441,0.2407,13,D2H
360.4644,360.6425,0.1781,15,kernel
360.5484,360.7886,0.2403,14,D2H
360.6357,360.8126,0.1770,16,kernel
360.7935,361.0341,0.2406,15,D2H
361.0387,361.2789,0.2402,16,D2H
363.3381,363.6030,0.2650,13,H2D
363.6056,363.8807,0.2750,14,H2D
363.6169,366.0254,2.4085,13,kernel
363.8840,364.1595,0.2754,15,H2D
364.1622,364.4371,0.2749,16,H2D
365.9223,368.3653,2.4430,14,kernel
368.2723,370.7198,2.4476,15,kernel
370.6233,373.0750,2.4517,16,kernel
372.9704,373.1922,0.2218,13,kernel
373.1856,373.3640,0.1784,14,kernel
373.2006,373.4410,0.2404,13,D2H
373.3571,373.5354,0.1784,15,kernel
373.4453,373.6857,0.2404,14,D2H
373.5284,373.7056,0.1773,16,kernel
373.6911,373.9314,0.2403,15,D2H
373.9359,374.1761,0.2403,16,D2H
376.4090,376.6836,0.2746,13,H2D
376.6875,376.9687,0.2812,14,H2D
376.6883,379.0919,2.4036,13,kernel
376.9725,377.2479,0.2754,15,H2D
377.2506,377.5250,0.2743,16,H2D
378.9941,381.4077,2.4136,14,kernel
381.3090,383.6899,2.3808,15,kernel
383.5931,385.9799,2.3869,16,kernel
385.8749,386.0918,0.2169,13,kernel
386.0848,386.2582,0.1734,14,kernel
386.0968,386.3373,0.2405,13,D2H
386.2518,386.4252,0.1734,15,kernel
386.3416,386.5819,0.2402,14,D2H
386.4184,386.5909,0.1725,16,kernel
386.5862,386.8263,0.2401,15,D2H
386.8308,387.0711,0.2402,16,D2H
389.4439,389.7068,0.2630,13,H2D
389.7087,389.9828,0.2741,14,H2D
389.7102,392.0436,2.3334,13,kernel
389.9862,390.2605,0.2743,15,H2D
390.2634,390.5359,0.2725,16,H2D
391.9506,394.3301,2.3795,14,kernel
394.2344,396.6114,2.3771,15,kernel
396.5141,398.8989,2.3847,16,kernel
398.7968,399.0131,0.2162,13,kernel
399.0062,399.1795,0.1733,14,kernel
399.0200,399.2604,0.2403,13,D2H
399.1728,399.3459,0.1731,15,kernel
399.2646,399.5048,0.2402,14,D2H
399.3394,399.5118,0.1725,16,kernel
399.5091,399.7495,0.2403,15,D2H
399.7539,399.9941,0.2402,16,D2H
402.3959,402.6599,0.2640,13,H2D
402.6625,402.9430,0.2805,14,H2D
402.6698,405.0033,2.3335,13,kernel
402.9463,403.2213,0.2750,15,H2D
403.2241,403.4961,0.2720,16,H2D
404.9103,407.2861,2.3758,14,kernel
407.1926,409.5666,2.3740,15,kernel
409.4750,411.8574,2.3824,16,kernel
411.7568,411.9721,0.2153,13,kernel
411.9653,412.1393,0.1739,14,kernel
411.9747,412.2150,0.2403,13,D2H
412.1322,412.3054,0.1732,15,kernel
412.2193,412.4595,0.2402,14,D2H
412.2987,412.4714,0.1727,16,kernel
412.4645,412.7048,0.2402,15,D2H
412.7093,412.9495,0.2402,16,D2H
415.2147,415.4793,0.2647,13,H2D
415.4828,415.7715,0.2887,14,H2D
415.4833,417.8163,2.3329,13,kernel
415.7752,416.0570,0.2818,15,H2D
416.0598,416.3317,0.2719,16,H2D
417.7232,420.0999,2.3767,14,kernel
420.0036,422.3783,2.3747,15,kernel
422.2887,424.6731,2.3843,16,kernel
424.5692,424.7853,0.2162,13,kernel
424.7788,424.9522,0.1733,14,kernel
424.7936,425.0339,0.2403,13,D2H
424.9457,425.1189,0.1733,15,kernel
425.0381,425.2782,0.2401,14,D2H
425.1123,425.2852,0.1729,16,kernel
425.2826,425.5227,0.2401,15,D2H
425.5273,425.7675,0.2402,16,D2H
428.1391,428.4023,0.2632,13,H2D
428.4049,428.6803,0.2754,14,H2D
428.4131,430.7454,2.3323,13,kernel
428.6834,428.9590,0.2756,15,H2D
428.9623,429.2367,0.2744,16,H2D
430.6528,433.0336,2.3808,14,kernel
432.9345,435.3161,2.3816,15,kernel
435.2163,437.6018,2.3855,16,kernel
437.5008,437.7158,0.2150,13,kernel
437.7092,437.8827,0.1735,14,kernel
437.7191,437.9595,0.2404,13,D2H
437.8760,438.0490,0.1730,15,kernel
437.9636,438.2038,0.2402,14,D2H
438.0424,438.2150,0.1726,16,kernel
438.2081,438.4483,0.2402,15,D2H
438.4528,438.6931,0.2403,16,D2H
440.9251,441.1883,0.2632,13,H2D
441.1911,441.4685,0.2774,14,H2D
441.2007,443.5386,2.3379,13,kernel
441.4716,441.7477,0.2762,15,H2D
441.7506,442.0228,0.2722,16,H2D
443.4412,445.8174,2.3762,14,kernel
445.7233,448.1016,2.3783,15,kernel
448.0040,450.3907,2.3867,16,kernel
450.2888,450.5031,0.2143,13,kernel
450.4965,450.6705,0.1740,14,kernel
450.5080,450.7484,0.2404,13,D2H
450.6635,450.8367,0.1732,15,kernel
450.7527,450.9934,0.2407,14,D2H
450.8300,451.0028,0.1728,16,kernel
450.9976,451.2378,0.2402,15,D2H
451.2432,451.4834,0.2402,16,D2H
453.6271,453.8919,0.2648,13,H2D
453.8944,454.1732,0.2788,14,H2D
453.9040,456.2356,2.3316,13,kernel
454.1761,454.4514,0.2753,15,H2D
454.4543,454.7279,0.2736,16,H2D
456.1444,458.5084,2.3640,14,kernel
458.4170,460.7802,2.3632,15,kernel
460.6867,463.0764,2.3896,16,kernel
462.9812,463.1967,0.2155,13,kernel
463.1899,463.3641,0.1742,14,kernel
463.2012,463.4416,0.2404,13,D2H
463.3576,463.5319,0.1743,15,kernel
463.4458,463.6861,0.2403,14,D2H
463.5250,463.6982,0.1732,16,kernel
463.6911,463.9313,0.2402,15,D2H
463.9359,464.1760,0.2402,16,D2H
466.2608,466.5199,0.2591,13,H2D
466.5250,468.8397,2.3147,13,kernel
468.3197,468.5890,0.2693,14,H2D
468.5925,468.8670,0.2746,15,H2D
468.7421,471.1019,2.3598,14,kernel
468.8696,469.1368,0.2672,16,H2D
471.0005,471.2145,0.2141,13,kernel
471.2079,473.5212,2.3133,15,kernel
471.2177,471.4580,0.2403,13,D2H
472.0936,472.3608,0.2672,13,H2D
473.4250,475.7834,2.3583,16,kernel
475.6824,475.8975,0.2151,14,kernel
475.8907,478.2093,2.3186,13,kernel
475.8997,476.1398,0.2402,14,D2H
476.8398,477.1009,0.2610,14,H2D
478.1074,478.3218,0.2144,15,kernel
478.3151,478.4872,0.1721,16,kernel
478.3244,478.5646,0.2402,15,D2H
478.4803,480.8173,2.3370,14,kernel
478.5689,478.8091,0.2402,16,D2H
480.0806,480.3448,0.2642,15,H2D
480.3476,480.6162,0.2686,16,H2D
480.7143,480.9300,0.2157,13,kernel
480.9235,483.2671,2.3437,15,kernel
480.9342,481.1745,0.2403,13,D2H
481.8771,482.1432,0.2661,13,H2D
483.1752,485.5680,2.3928,16,kernel
485.4674,485.6853,0.2179,14,kernel
485.6785,488.0327,2.3543,13,kernel
485.6884,485.9286,0.2402,14,D2H
486.4532,486.7140,0.2608,14,H2D
487.9296,488.1460,0.2164,15,kernel
488.1392,488.3134,0.1742,16,kernel
488.1500,488.3903,0.2403,15,D2H
488.3067,490.6559,2.3492,14,kernel
488.3948,488.6350,0.2402,16,D2H
490.5525,490.7705,0.2179,13,kernel
490.7638,490.9372,0.1734,14,kernel
490.7790,491.0259,0.2470,13,D2H
490.9954,491.3095,0.3141,15,H2D
491.0367,491.3545,0.3178,14,D2H
491.3130,491.5781,0.2651,16,H2D
491.3196,493.6657,2.3462,15,kernel
493.4536,493.7231,0.2695,13,H2D
493.5693,495.9598,2.3905,16,kernel
493.7260,493.9938,0.2678,14,H2D
495.8622,496.0775,0.2153,15,kernel
496.0710,498.4122,2.3412,13,kernel
496.0820,496.3222,0.2402,15,D2H
497.1254,497.3914,0.2659,15,H2D
498.3206,500.8302,2.5095,14,kernel
500.7193,500.9537,0.2344,16,kernel
500.9466,503.5004,2.5537,15,kernel
500.9632,501.2036,0.2404,16,D2H
501.9347,502.1955,0.2608,16,H2D
503.3908,503.6280,0.2372,13,kernel
503.6206,503.8091,0.1885,14,kernel
503.6310,503.8714,0.2404,13,D2H
503.8020,506.3591,2.5571,16,kernel
503.8755,504.1162,0.2407,14,D2H
505.1640,505.4300,0.2659,13,H2D
505.4327,505.6970,0.2643,14,H2D
506.2488,506.4831,0.2343,15,kernel
506.4759,509.0320,2.5562,13,kernel
506.4864,506.7268,0.2403,15,D2H
507.8023,508.0691,0.2668,15,H2D
508.9199,511.5186,2.5987,14,kernel
511.4105,511.6458,0.2354,16,kernel
511.6386,514.1923,2.5536,15,kernel
511.6525,511.8929,0.2403,16,D2H
512.7281,512.9887,0.2606,16,H2D
514.0833,514.3181,0.2348,13,kernel
514.3107,514.4992,0.1885,14,kernel
514.3210,514.5617,0.2407,13,D2H
514.4919,517.0510,2.5591,16,kernel
514.5658,514.8063,0.2404,14,D2H
515.8684,516.1336,0.2651,13,H2D
516.1367,516.4044,0.2677,14,H2D
516.9355,517.1710,0.2355,15,kernel
517.1640,519.7085,2.5445,13,kernel
517.1748,517.4152,0.2404,15,D2H
518.4555,518.7232,0.2677,15,H2D
519.6068,522.2080,2.6012,14,kernel
522.0982,522.3331,0.2349,16,kernel
522.3257,524.9341,2.6084,15,kernel
522.3424,522.5828,0.2404,16,D2H
523.1495,523.4103,0.2608,16,H2D
524.8248,525.0661,0.2413,13,kernel
525.0585,525.2516,0.1931,14,kernel
525.0692,525.3100,0.2409,13,D2H
525.2445,527.8659,2.6214,16,kernel
525.3143,525.5549,0.2406,14,D2H
526.5036,526.7686,0.2650,13,H2D
526.7721,527.0407,0.2686,14,H2D
527.7518,527.9922,0.2405,15,kernel
527.9845,530.5989,2.6143,13,kernel
527.9959,528.2363,0.2404,15,D2H
529.1617,529.4303,0.2686,15,H2D
530.4903,533.1551,2.6649,14,kernel
533.0391,533.2813,0.2422,16,kernel
533.2741,535.8935,2.6194,15,kernel
533.2881,533.5285,0.2404,16,D2H
534.3396,534.5995,0.2599,16,H2D
535.7789,536.0208,0.2419,13,kernel
536.0135,536.2074,0.1939,14,kernel
536.0234,536.2641,0.2406,13,D2H
536.1994,538.8146,2.6152,16,kernel
536.2682,536.5089,0.2407,14,D2H
538.0181,538.2807,0.2626,13,H2D
538.7055,538.9454,0.2399,15,kernel
538.9382,541.5589,2.6206,13,kernel
538.9496,539.1901,0.2404,15,D2H
540.2760,540.5365,0.2605,14,H2D
541.0619,541.3296,0.2676,15,H2D
541.4439,541.6845,0.2406,16,kernel
541.6772,544.2896,2.6124,14,kernel
541.6954,541.9364,0.2410,16,D2H
543.0007,543.2685,0.2678,16,H2D
544.1842,546.8508,2.6666,15,kernel
546.7351,546.9748,0.2397,13,kernel
546.9672,549.5788,2.6117,16,kernel
546.9782,547.2186,0.2404,13,D2H
547.8731,548.1339,0.2608,13,H2D
549.4718,549.7135,0.2416,14,kernel
549.7057,549.8984,0.1927,15,kernel
549.7202,549.9607,0.2405,14,D2H
549.8912,552.5055,2.6143,13,kernel
549.9651,550.2055,0.2404,15,D2H
551.1597,551.4201,0.2604,14,H2D
552.3971,552.6387,0.2416,16,kernel
552.6313,555.2490,2.6178,14,kernel
552.6420,552.8824,0.2404,16,D2H
553.1061,553.3667,0.2606,15,H2D
553.9905,554.2578,0.2673,16,H2D
555.1367,555.3773,0.2405,13,kernel
555.3701,557.9865,2.6164,15,kernel
555.3856,555.6261,0.2405,13,D2H
556.2051,556.4731,0.2680,13,H2D
557.8766,560.5435,2.6669,16,kernel
560.4304,560.6702,0.2398,14,kernel
560.6630,563.2798,2.6168,13,kernel
560.6754,560.9158,0.2404,14,D2H
561.4341,561.6950,0.2609,14,H2D
563.1704,563.4114,0.2410,15,kernel
563.4041,563.5969,0.1929,16,kernel
563.4128,563.6533,0.2405,15,D2H
563.5896,566.2015,2.6118,14,kernel
563.6578,563.8983,0.2405,16,D2H
565.0160,565.2817,0.2657,15,H2D
565.2844,565.5524,0.2679,16,H2D
566.0969,566.3371,0.2402,13,kernel
566.3299,568.9440,2.6141,15,kernel
566.3462,566.5868,0.2406,13,D2H
567.8480,568.1147,0.2666,13,H2D
568.8363,571.5005,2.6642,16,kernel
571.3908,571.6303,0.2396,14,kernel
571.6228,574.2421,2.6193,13,kernel
571.6382,571.8786,0.2404,14,D2H
572.4821,572.7433,0.2613,14,H2D
574.1296,574.3691,0.2395,15,kernel
574.3612,574.5542,0.1931,16,kernel
574.3724,574.6129,0.2405,15,D2H
574.5469,577.1659,2.6190,14,kernel
574.6174,574.8577,0.2403,16,D2H
575.9676,576.2309,0.2633,15,H2D
576.2338,576.5005,0.2668,16,H2D
577.0516,577.2918,0.2402,13,kernel
577.2843,579.8935,2.6092,15,kernel
577.2943,577.5348,0.2404,13,D2H
578.6194,578.8869,0.2675,13,H2D
579.7896,582.4555,2.6660,16,kernel
582.3384,582.5792,0.2408,14,kernel
582.5714,585.1843,2.6130,13,kernel
582.5895,582.8299,0.2404,14,D2H
583.3792,583.6396,0.2604,14,H2D
585.0768,585.3178,0.2410,15,kernel
585.3101,585.5031,0.1930,16,kernel
585.3223,585.5628,0.2405,15,D2H
585.4957,588.1187,2.6230,14,kernel
585.5673,585.8079,0.2405,16,D2H
586.8583,587.1231,0.2649,15,H2D
587.1263,587.3932,0.2670,16,H2D
588.0011,588.2434,0.2423,13,kernel
588.2358,590.8507,2.6150,15,kernel
588.2459,588.4863,0.2404,13,D2H
589.9789,590.2444,0.2656,13,H2D
590.7447,593.4040,2.6592,16,kernel
593.2945,593.5338,0.2394,14,kernel
593.5264,596.1385,2.6121,13,kernel
593.5420,593.7825,0.2404,14,D2H
594.5730,594.8337,0.2607,14,H2D
596.0322,596.2718,0.2396,15,kernel
596.2644,596.4573,0.1929,16,kernel
596.2732,596.5138,0.2405,15,D2H
596.4501,599.0628,2.6126,14,kernel
596.5184,596.7587,0.2404,16,D2H
597.8698,598.1349,0.2651,15,H2D
598.1380,598.4051,0.2671,16,H2D
598.9562,599.1945,0.2383,13,kernel
599.1871,601.7966,2.6095,15,kernel
599.1971,599.4376,0.2405,13,D2H
600.4343,600.7026,0.2683,13,H2D
601.6915,604.3525,2.6611,16,kernel
604.2436,604.4828,0.2392,14,kernel
604.4756,607.0878,2.6122,13,kernel
604.4934,604.7338,0.2404,14,D2H
605.4867,605.7484,0.2617,14,H2D
606.9770,607.2201,0.2431,15,kernel
607.2125,607.4056,0.1931,16,kernel
607.2241,607.4645,0.2404,15,D2H
607.3980,610.0106,2.6126,14,kernel
607.4691,607.7094,0.2403,16,D2H
608.6532,608.9316,0.2785,15,H2D
608.9345,609.2028,0.2683,16,H2D
609.9039,610.1424,0.2386,13,kernel
610.1349,612.7468,2.6119,15,kernel
610.1491,610.3895,0.2404,13,D2H
611.3622,611.6294,0.2672,13,H2D
612.6377,615.3031,2.6653,16,kernel
615.1872,615.4301,0.2429,14,kernel
615.4229,618.0363,2.6134,13,kernel
615.4407,615.6811,0.2404,14,D2H
616.4246,616.6867,0.2620,14,H2D
617.9248,618.1670,0.2421,15,kernel
618.1598,618.3525,0.1928,16,kernel
618.1715,618.4121,0.2406,15,D2H
618.3451,620.9634,2.6182,14,kernel
618.4166,618.6570,0.2404,16,D2H
619.5082,619.7730,0.2648,15,H2D
619.7758,620.0446,0.2689,16,H2D
620.8473,621.0901,0.2428,13,kernel
621.0823,623.6945,2.6122,15,kernel
621.0952,621.3358,0.2405,13,D2H
622.3770,622.6466,0.2696,13,H2D
623.5856,626.1744,2.5887,16,kernel
626.0668,626.2977,0.2309,14,kernel
626.2909,628.8071,2.5163,13,kernel
626.3014,626.5417,0.2403,14,D2H
627.0767,627.3383,0.2616,14,H2D
628.7038,628.9345,0.2307,15,kernel
628.9269,629.1128,0.1859,16,kernel
628.9363,629.1766,0.2403,15,D2H
629.1056,631.6286,2.5230,14,kernel
629.1812,629.4216,0.2404,16,D2H
630.5295,630.7950,0.2655,15,H2D
630.7981,631.0657,0.2676,16,H2D
631.5184,631.7482,0.2298,13,kernel
631.7412,634.2584,2.5172,15,kernel
631.7518,631.9922,0.2404,13,D2H
633.1453,633.4130,0.2678,13,H2D
634.1528,636.7115,2.5587,16,kernel
636.6065,636.8400,0.2334,14,kernel
636.8326,639.3586,2.5261,13,kernel
636.8421,637.0825,0.2403,14,D2H
637.6417,637.9020,0.2603,14,H2D
639.2429,639.4759,0.2330,15,kernel
639.4687,639.6550,0.1864,16,kernel
639.4789,639.7194,0.2405,15,D2H
639.6478,642.1645,2.5166,14,kernel
639.7239,639.9709,0.2470,16,D2H
641.0379,641.3036,0.2657,15,H2D
641.3063,641.5749,0.2686,16,H2D
642.0600,642.2903,0.2303,13,kernel
642.2836,644.7911,2.5075,15,kernel
642.2929,642.5334,0.2405,13,D2H
643.9272,644.2017,0.2745,13,H2D
644.6955,647.2600,2.5645,16,kernel
647.1496,647.3826,0.2330,14,kernel
647.3753,649.8913,2.5160,13,kernel
647.3850,647.6253,0.2403,14,D2H
648.2344,648.4953,0.2609,14,H2D
649.7866,650.0182,0.2316,15,kernel
650.0110,650.1973,0.1863,16,kernel
650.0228,650.2631,0.2403,15,D2H
650.1900,652.7084,2.5183,14,kernel
650.2676,650.5080,0.2403,16,D2H
651.4260,651.6922,0.2661,15,H2D
651.6952,651.9626,0.2675,16,H2D
652.6027,652.8333,0.2306,13,kernel
652.8264,655.3359,2.5095,15,kernel
652.8395,653.0799,0.2404,13,D2H
654.0482,654.3140,0.2659,13,H2D
655.2376,657.8033,2.5657,16,kernel
657.6911,657.9245,0.2335,14,kernel
657.9175,660.4388,2.5212,13,kernel
657.9278,658.1680,0.2403,14,D2H
658.9544,659.2197,0.2653,14,H2D
660.3297,660.5611,0.2314,15,kernel
660.5539,660.7402,0.1863,16,kernel
660.5655,660.8059,0.2404,15,D2H
660.7328,663.2577,2.5249,14,kernel
660.8105,661.0508,0.2403,16,D2H
661.9929,662.2583,0.2654,15,H2D
662.2614,662.5264,0.2650,16,H2D
663.1455,663.3759,0.2304,13,kernel
663.3688,665.8800,2.5112,15,kernel
663.3781,663.6186,0.2405,13,D2H
664.7069,664.9744,0.2675,13,H2D
665.7789,668.3451,2.5662,16,kernel
668.2346,668.4673,0.2327,14,kernel
668.4601,670.9772,2.5171,13,kernel
668.4788,668.7192,0.2403,14,D2H
669.4907,669.7516,0.2609,14,H2D
670.8736,671.1038,0.2301,15,kernel
671.0965,671.2826,0.1861,16,kernel
671.1066,671.3472,0.2406,15,D2H
671.2755,673.7947,2.5192,14,kernel
671.3519,671.5921,0.2402,16,D2H
672.4460,672.7118,0.2658,15,H2D
672.7147,672.9805,0.2658,16,H2D
673.6862,673.9187,0.2325,13,kernel
673.9111,676.4249,2.5138,15,kernel
673.9212,674.1616,0.2404,13,D2H
675.1414,675.4073,0.2658,13,H2D
676.3208,678.8880,2.5672,16,kernel
678.7761,679.0098,0.2338,14,kernel
679.0029,681.5249,2.5221,13,kernel
679.0174,679.2577,0.2403,14,D2H
680.0010,680.2605,0.2595,14,H2D
681.4120,681.6465,0.2345,15,kernel
681.6393,681.8258,0.1864,16,kernel
681.6514,681.8920,0.2407,15,D2H
681.8183,684.3327,2.5144,14,kernel
681.8970,682.1374,0.2404,16,D2H
683.1482,683.4142,0.2660,15,H2D
683.4172,683.6845,0.2673,16,H2D
684.2294,684.4609,0.2315,13,kernel
684.4536,686.9615,2.5079,15,kernel
684.4634,684.7038,0.2403,13,D2H
685.7424,686.0105,0.2682,13,H2D
686.8642,689.4293,2.5650,16,kernel
689.3202,689.5519,0.2317,14,kernel
689.5451,692.0680,2.5229,13,kernel
689.5616,689.8019,0.2403,14,D2H
690.3257,690.5870,0.2613,14,H2D
691.9544,692.1883,0.2339,15,kernel
692.1810,692.3670,0.1860,16,kernel
692.1902,692.4307,0.2405,15,D2H
692.3599,694.8813,2.5214,14,kernel
692.4351,692.6754,0.2403,16,D2H
693.7015,693.9671,0.2656,15,H2D
693.9700,694.2381,0.2682,16,H2D
694.7720,695.0032,0.2312,13,kernel
694.9960,697.5102,2.5142,15,kernel
695.0133,695.2536,0.2404,13,D2H
696.2815,696.5489,0.2674,13,H2D
697.4071,699.9698,2.5628,16,kernel
699.8631,700.0945,0.2314,14,kernel
700.0873,702.6326,2.5453,13,kernel
700.1074,700.3478,0.2403,14,D2H
700.8839,701.1440,0.2601,14,H2D
702.5262,702.7615,0.2353,15,kernel
702.7538,702.9427,0.1889,16,kernel
702.7648,703.0053,0.2405,15,D2H
702.9354,705.5512,2.6157,14,kernel
703.0097,703.2502,0.2405,16,D2H
704.2535,704.5200,0.2665,15,H2D
704.5227,704.7897,0.2670,16,H2D
705.4354,705.6776,0.2421,13,kernel
705.6702,708.2805,2.6103,15,kernel
705.6829,705.9234,0.2406,13,D2H
707.0849,707.3547,0.2699,13,H2D
708.1786,710.8495,2.6709,16,kernel
710.7327,710.9740,0.2413,14,kernel
710.9668,713.6541,2.6874,13,kernel
710.9809,711.2213,0.2404,14,D2H
711.9255,712.1867,0.2611,14,H2D
713.5384,713.7853,0.2469,15,kernel
713.7777,713.9754,0.1977,16,kernel
713.7884,714.0290,0.2405,15,D2H
713.9681,716.6590,2.6909,14,kernel
714.0335,714.2738,0.2403,16,D2H
715.9254,716.1918,0.2664,15,H2D
716.1950,716.4626,0.2676,16,H2D
716.5435,716.7917,0.2483,13,kernel
716.7841,719.4693,2.6852,15,kernel
716.7979,717.0383,0.2405,13,D2H
719.3575,722.0929,2.7355,16,kernel
719.6885,719.9500,0.2615,13,H2D
721.9849,722.2304,0.2455,14,kernel
722.2229,722.4209,0.1979,15,kernel
722.2354,722.4760,0.2406,14,D2H
722.4134,725.1104,2.6970,13,kernel
722.4802,722.7209,0.2407,15,D2H
724.1793,724.4455,0.2662,14,H2D
724.4483,724.7164,0.2681,15,H2D
724.9907,725.2375,0.2467,16,kernel
725.2299,727.9219,2.6920,14,kernel
725.2419,725.4823,0.2404,16,D2H
727.8057,730.5480,2.7423,15,kernel
728.5320,728.7930,0.2610,16,H2D
730.4251,730.6748,0.2497,13,kernel
730.6666,730.8643,0.1977,14,kernel
730.6765,730.9172,0.2406,13,D2H
730.8568,733.5418,2.6850,16,kernel
730.9214,731.1621,0.2407,14,D2H
733.3655,733.6290,0.2635,13,H2D
733.4322,733.6787,0.2465,15,kernel
733.6318,733.9343,0.3025,14,H2D
733.6707,733.8692,0.1984,16,kernel
733.6807,733.9808,0.3001,15,D2H
733.8617,736.5470,2.6854,13,kernel
733.9849,734.2253,0.2404,16,D2H
736.4362,739.1732,2.7370,14,kernel
737.8114,738.0764,0.2650,15,H2D
738.0792,738.3466,0.2675,16,H2D
739.0586,739.3040,0.2454,13,kernel
739.2965,741.9736,2.6771,15,kernel
739.3094,739.5499,0.2405,13,D2H
740.6831,740.9487,0.2657,13,H2D
741.8706,744.5437,2.6731,16,kernel
744.4301,744.6717,0.2416,14,kernel
744.6648,747.2920,2.6272,13,kernel
744.6769,744.9173,0.2404,14,D2H
746.4129,746.6732,0.2603,14,H2D
747.1772,747.4199,0.2427,15,kernel
747.4127,747.6064,0.1938,16,kernel
747.4245,747.6652,0.2406,15,D2H
747.5990,750.2281,2.6292,14,kernel
747.6697,747.9101,0.2403,16,D2H
749.9468,750.2221,0.2754,15,H2D
750.1134,750.3563,0.2429,13,kernel
750.2250,750.5079,0.2829,16,H2D
750.3489,752.9735,2.6245,15,kernel
750.3644,750.6382,0.2738,13,D2H
751.9795,752.2481,0.2686,13,H2D
752.8643,753.1054,0.2411,14,kernel
753.0976,755.7193,2.6217,16,kernel
753.1078,753.3486,0.2408,14,D2H
754.3857,754.6515,0.2658,14,H2D
755.6119,758.2865,2.6745,13,kernel
758.1703,758.4143,0.2440,15,kernel
758.4064,761.0360,2.6296,14,kernel
758.4191,758.6596,0.2404,15,D2H
760.0386,760.2980,0.2595,15,H2D
760.9211,761.1625,0.2414,16,kernel
761.1548,761.3482,0.1934,13,kernel
761.1683,761.4089,0.2406,16,D2H
761.3411,763.9607,2.6195,15,kernel
761.4137,761.6541,0.2404,13,D2H
763.1295,763.3898,0.2603,16,H2D
763.8479,764.0891,0.2412,14,kernel
763.9973,764.2879,0.2906,13,H2D
764.0820,766.7043,2.6223,16,kernel
764.0939,764.3798,0.2858,14,D2H
765.7628,766.0280,0.2652,14,H2D
766.5886,766.8296,0.2410,15,kernel
766.8223,769.4408,2.6184,13,kernel
766.8329,767.0733,0.2404,15,D2H
768.0875,768.3546,0.2670,15,H2D
769.3285,771.9943,2.6658,14,kernel
771.8794,772.1200,0.2406,16,kernel
772.1129,774.7271,2.6142,15,kernel
772.1297,772.3702,0.2405,16,D2H
773.5263,773.7872,0.2610,16,H2D
774.6193,774.8598,0.2405,13,kernel
774.8525,775.0456,0.1931,14,kernel
774.8646,775.1052,0.2406,13,D2H
775.0383,777.6584,2.6200,16,kernel
775.1093,775.3497,0.2404,14,D2H
777.5415,777.7842,0.2427,15,kernel
777.7768,777.9693,0.1925,16,kernel
777.7895,778.0301,0.2406,15,D2H
778.0345,778.2749,0.2404,16,D2H
783.3512,783.6183,0.2671,13,H2D
783.6215,783.8982,0.2767,14,H2D
783.6227,786.2396,2.6169,13,kernel
783.9013,784.1768,0.2756,15,H2D
784.1797,784.4534,0.2737,16,H2D
786.1316,788.7921,2.6605,14,kernel
788.6870,791.3491,2.6621,15,kernel
791.2408,793.9102,2.6694,16,kernel
793.7954,794.0364,0.2410,13,kernel
794.0290,794.2224,0.1935,14,kernel
794.0400,794.2805,0.2405,13,D2H
794.2149,794.4083,0.1934,15,kernel
794.2850,794.5255,0.2404,14,D2H
794.4008,794.5929,0.1921,16,kernel
794.5299,794.7703,0.2404,15,D2H
794.7750,795.0154,0.2404,16,D2H
797.3003,797.5654,0.2651,13,H2D
797.5687,797.8457,0.2770,14,H2D
797.5691,800.1827,2.6136,13,kernel
797.8487,798.1233,0.2746,15,H2D
798.1265,798.4016,0.2751,16,H2D
800.0761,802.7396,2.6634,14,kernel
802.6286,805.0946,2.4660,15,kernel
804.9994,807.4473,2.4479,16,kernel
807.3382,807.5602,0.2220,13,kernel
807.5528,807.7306,0.1778,14,kernel
807.5671,807.8074,0.2403,13,D2H
807.7237,807.9015,0.1779,15,kernel
807.8117,808.0520,0.2404,14,D2H
807.8944,808.0708,0.1763,16,kernel
808.0575,808.2979,0.2404,15,D2H
808.3023,808.5426,0.2402,16,D2H
810.8904,811.1568,0.2665,13,H2D
811.1606,811.4370,0.2764,14,H2D
811.1615,813.5492,2.3877,13,kernel
811.4406,811.7216,0.2809,15,H2D
811.7247,811.9981,0.2734,16,H2D
813.4593,815.8948,2.4355,14,kernel
815.7990,818.2382,2.4392,15,kernel
818.1374,820.5830,2.4455,16,kernel
820.4760,820.6992,0.2232,13,kernel
820.6923,820.8701,0.1778,14,kernel
820.7060,820.9465,0.2405,13,D2H
820.8631,821.0404,0.1774,15,kernel
820.9508,821.1911,0.2403,14,D2H
821.0336,821.2102,0.1766,16,kernel
821.1963,821.4372,0.2410,15,D2H
821.4417,821.6819,0.2402,16,D2H
824.2474,824.5125,0.2651,13,H2D
824.5151,824.7980,0.2829,14,H2D
824.5217,826.8932,2.3716,13,kernel
824.8012,825.0758,0.2746,15,H2D
825.0787,825.3520,0.2732,16,H2D
826.7967,829.1871,2.3904,14,kernel
829.0895,831.4794,2.3899,15,kernel
831.3801,833.7775,2.3975,16,kernel
833.6732,833.8896,0.2164,13,kernel
833.8830,834.0575,0.1745,14,kernel
833.8979,834.1386,0.2407,13,D2H
834.0509,834.2252,0.1743,15,kernel
834.1445,834.3852,0.2406,14,D2H
834.2181,834.3912,0.1731,16,kernel
834.3898,834.6301,0.2402,15,D2H
834.6345,834.8747,0.2402,16,D2H
838.0774,838.3428,0.2654,13,H2D
838.3456,838.6223,0.2767,14,H2D
838.3464,840.6928,2.3463,13,kernel
838.6260,838.9014,0.2754,15,H2D
838.9042,839.1767,0.2726,16,H2D
840.5980,842.9868,2.3888,14,kernel
842.8916,845.1965,2.3049,15,kernel
845.1017,847.4050,2.3033,16,kernel
847.3089,847.5184,0.2095,13,kernel
847.5121,847.6803,0.1682,14,kernel
847.5243,847.7645,0.2402,13,D2H
847.6737,847.8417,0.1680,15,kernel
847.7687,848.0090,0.2402,14,D2H
847.8354,848.0028,0.1674,16,kernel
848.0132,848.2533,0.2402,15,D2H
848.2577,848.4979,0.2402,16,D2H
851.8169,852.0810,0.2641,13,H2D
852.0835,852.3578,0.2742,14,H2D
852.0938,854.3561,2.2623,13,kernel
852.3607,852.6326,0.2719,15,H2D
852.6356,852.9070,0.2714,16,H2D
854.2617,856.5584,2.2967,14,kernel
856.4666,858.7664,2.2997,15,kernel
858.6749,860.9796,2.3047,16,kernel
860.8814,861.0893,0.2079,13,kernel
861.0831,861.2510,0.1679,14,kernel
861.0951,861.3354,0.2404,13,D2H
861.2446,861.4123,0.1677,15,kernel
861.3396,861.5799,0.2403,14,D2H
861.4063,861.5733,0.1669,16,kernel
861.5841,861.8241,0.2400,15,D2H
861.8287,862.0689,0.2402,16,D2H
865.0909,865.3555,0.2645,13,H2D
865.3591,865.6351,0.2760,14,H2D
865.3612,867.6205,2.2592,13,kernel
865.6378,865.9368,0.2989,15,H2D
865.9403,866.2118,0.2715,16,H2D
867.5273,869.8268,2.2994,14,kernel
869.7330,872.0352,2.3022,15,kernel
871.9389,874.2443,2.3055,16,kernel
874.1452,874.3542,0.2090,13,kernel
874.3477,874.5158,0.1681,14,kernel
874.3597,874.5999,0.2403,13,D2H
874.5093,874.6769,0.1675,15,kernel
874.6041,874.8442,0.2401,14,D2H
874.6704,874.8380,0.1675,16,kernel
874.8484,875.0886,0.2402,15,D2H
875.0931,875.3333,0.2403,16,D2H
878.4713,878.7350,0.2637,13,H2D
878.7387,879.0142,0.2754,14,H2D
878.7511,881.0051,2.2541,13,kernel
879.0170,879.2903,0.2733,15,H2D
879.2933,879.5640,0.2707,16,H2D
880.9184,883.2160,2.2976,14,kernel
883.1218,885.3804,2.2587,15,kernel
885.2924,887.5469,2.2545,16,kernel
887.4493,887.6533,0.2040,13,kernel
887.6470,887.8116,0.1646,14,kernel
887.6608,887.9010,0.2402,13,D2H
887.8053,887.9693,0.1640,15,kernel
887.9055,888.1456,0.2401,14,D2H
887.9633,888.1268,0.1635,16,kernel
888.1499,888.3899,0.2401,15,D2H
888.3944,888.6345,0.2401,16,D2H
891.4143,891.6739,0.2596,13,H2D
891.6757,891.9330,0.2573,14,H2D
891.6779,893.8893,2.2114,13,kernel
893.4418,893.7167,0.2749,15,H2D
893.7196,893.9922,0.2726,16,H2D
893.7968,896.0475,2.2507,14,kernel
895.9543,898.2130,2.2587,15,kernel
898.1123,898.3172,0.2049,13,kernel
898.3112,900.5234,2.2122,16,kernel
898.3220,898.5622,0.2402,13,D2H
900.4295,900.6351,0.2056,14,kernel
900.6286,900.7939,0.1653,15,kernel
900.6449,900.9357,0.2908,14,D2H
900.7147,901.0251,0.3104,13,H2D
900.7874,900.9519,0.1645,16,kernel
900.9463,901.2050,0.2587,15,D2H
901.0331,903.2290,2.1959,13,kernel
901.2091,901.4492,0.2401,16,D2H
903.2299,903.3925,0.1626,13,kernel
903.3977,903.6378,0.2401,13,D2H
903.8361,904.0994,0.2634,14,H2D
904.1081,906.3776,2.2694,14,kernel
905.1721,905.4519,0.2798,13,H2D
905.4550,905.7289,0.2738,15,H2D
905.7317,906.0061,0.2744,16,H2D
906.2873,908.6067,2.3193,13,kernel
908.5181,910.8395,2.3215,15,kernel
910.7461,913.0821,2.3360,16,kernel
912.9764,913.1882,0.2118,14,kernel
913.1817,913.3513,0.1696,13,kernel
913.1920,913.4322,0.2403,14,D2H
913.3449,913.5141,0.1692,15,kernel
913.4366,913.6875,0.2509,13,D2H
913.5079,913.6767,0.1688,16,kernel
913.6934,913.9335,0.2402,15,D2H
913.9388,914.1789,0.2402,16,D2H
916.5341,916.7935,0.2594,14,H2D
916.8014,919.0787,2.2772,14,kernel
917.5666,917.8358,0.2692,13,H2D
917.8388,918.1159,0.2771,15,H2D
918.1185,918.3925,0.2740,16,H2D
918.9916,921.3124,2.3209,13,kernel
921.2210,923.5416,2.3206,15,kernel
923.4515,925.7804,2.3289,16,kernel
925.6819,925.8932,0.2113,14,kernel
925.8869,926.0566,0.1698,13,kernel
925.9036,926.1443,0.2407,14,D2H
926.0501,926.2194,0.1694,15,kernel
926.1492,926.3893,0.2402,13,D2H
926.2131,926.3818,0.1688,16,kernel
926.3936,926.6337,0.2402,15,D2H
926.6381,926.8784,0.2402,16,D2H
929.8284,930.0876,0.2592,14,H2D
930.0924,932.3593,2.2670,14,kernel
932.3602,932.5278,0.1676,14,kernel
932.5340,932.7741,0.2401,14,D2H
933.4477,933.7070,0.2593,13,H2D
933.7123,935.9936,2.2813,13,kernel
934.6264,934.8953,0.2688,14,H2D
934.8988,935.1735,0.2746,15,H2D
935.1761,935.4506,0.2745,16,H2D
935.9038,938.2305,2.3268,14,kernel
938.1338,940.4559,2.3220,15,kernel
940.3652,942.6985,2.3334,16,kernel
942.5942,942.8071,0.2129,13,kernel
942.8001,942.9698,0.1698,14,kernel
942.8142,943.0545,0.2402,13,D2H
942.9635,943.1333,0.1698,15,kernel
943.0587,943.2990,0.2403,14,D2H
943.1264,943.2953,0.1689,16,kernel
943.3031,943.5432,0.2401,15,D2H
943.5477,943.7879,0.2402,16,D2H
947.7179,947.9821,0.2642,13,H2D
947.9847,948.2712,0.2866,14,H2D
947.9950,950.2752,2.2802,13,kernel
948.2740,948.5471,0.2731,15,H2D
948.5502,948.8213,0.2711,16,H2D
950.1854,952.5087,2.3233,14,kernel
952.4169,954.7349,2.3180,15,kernel
954.6486,956.9783,2.3296,16,kernel
956.8783,957.0902,0.2120,13,kernel
957.0838,957.2536,0.1698,14,kernel
957.0977,957.3380,0.2403,13,D2H
957.2471,957.4169,0.1698,15,kernel
957.3421,957.5824,0.2403,14,D2H
957.4102,957.5792,0.1689,16,kernel
957.5866,957.8317,0.2451,15,D2H
957.8376,958.0777,0.2402,16,D2H
961.6479,961.9121,0.2642,13,H2D
961.9140,962.1890,0.2750,14,H2D
961.9161,964.2019,2.2858,13,kernel
962.1923,962.4741,0.2818,15,H2D
962.4770,962.7689,0.2919,16,H2D
964.1062,966.4330,2.3268,14,kernel
966.3402,968.6644,2.3242,15,kernel
968.5697,970.9004,2.3307,16,kernel
970.8013,971.0129,0.2116,13,kernel
971.0063,971.1758,0.1695,14,kernel
971.0186,971.2589,0.2403,13,D2H
971.1696,971.3393,0.1697,15,kernel
971.2632,971.5037,0.2406,14,D2H
971.3328,971.5019,0.1691,16,kernel
971.5078,971.7479,0.2401,15,D2H
971.7523,971.9926,0.2402,16,D2H
975.2496,975.5191,0.2695,13,H2D
975.5210,975.7796,0.2586,14,H2D
975.5254,977.8133,2.2879,13,kernel
977.2490,977.5199,0.2709,15,H2D
977.5227,977.7957,0.2730,16,H2D
977.7144,980.0381,2.3238,14,kernel
979.9478,982.2723,2.3245,15,kernel
982.1784,984.5051,2.3267,16,kernel
984.4082,984.6161,0.2078,13,kernel
984.6094,984.7773,0.1680,14,kernel
984.6246,984.8649,0.2403,13,D2H
984.7709,984.9390,0.1681,15,kernel
984.8690,985.1092,0.2402,14,D2H
984.9324,985.0993,0.1669,16,kernel
985.1133,985.3538,0.2404,15,D2H
985.3582,985.5984,0.2402,16,D2H
988.7142,988.9781,0.2639,13,H2D
988.9813,989.2486,0.2673,14,H2D
988.9866,991.2497,2.2631,13,kernel
989.2512,989.5320,0.2809,15,H2D
989.5347,989.8093,0.2746,16,H2D
991.1540,993.4516,2.2976,14,kernel
993.3611,995.6576,2.2966,15,kernel
995.5675,997.8669,2.2995,16,kernel
997.7719,997.9815,0.2096,13,kernel
997.9751,998.1433,0.1682,14,kernel
997.9912,998.2317,0.2405,13,D2H
998.1370,998.3047,0.1677,15,kernel
998.2359,998.4761,0.2402,14,D2H
998.2983,998.4655,0.1672,16,kernel
998.4803,998.7205,0.2402,15,D2H
998.7249,998.9650,0.2401,16,D2H
1001.7402,1002.0008,0.2606,13,H2D
1002.0027,1002.2616,0.2589,14,H2D
1002.0065,1004.2645,2.2580,13,kernel
1002.2634,1002.5236,0.2601,15,H2D
1002.8083,1003.0821,0.2738,16,H2D
1004.1731,1006.4912,2.3181,14,kernel
1006.3955,1008.7124,2.3169,15,kernel
1008.6234,1010.9587,2.3353,16,kernel
1010.8565,1011.0665,0.2099,13,kernel
1011.0599,1011.2295,0.1696,14,kernel
1011.0708,1011.3176,0.2468,13,D2H
1011.2232,1011.3925,0.1693,15,kernel
1011.3334,1011.5735,0.2402,14,D2H
1011.3860,1011.5550,0.1690,16,kernel
1011.5787,1011.8188,0.2401,15,D2H
1011.8233,1012.0634,0.2402,16,D2H
1016.1265,1016.3839,0.2574,13,H2D
1016.3882,1018.6754,2.2871,13,kernel
1017.5241,1017.7862,0.2621,14,H2D
1017.7890,1018.0679,0.2789,15,H2D
1018.5769,1020.9039,2.3271,14,kernel
1018.7972,1019.0654,0.2682,16,H2D
1020.8095,1023.1448,2.3353,15,kernel
1023.0386,1023.2512,0.2125,13,kernel
1023.2447,1025.5318,2.2871,16,kernel
1023.2579,1023.4982,0.2403,13,D2H
1024.2072,1024.4681,0.2609,13,H2D
1025.4329,1025.6460,0.2131,14,kernel
1025.6396,1025.8092,0.1695,15,kernel
1025.6480,1025.8883,0.2403,14,D2H
1025.8031,1028.0841,2.2810,13,kernel
1025.8925,1026.1328,0.2403,15,D2H
1027.5019,1027.7708,0.2689,14,H2D
1027.9834,1028.1900,0.2066,16,kernel
1028.1838,1030.4213,2.2375,14,kernel
1028.1944,1028.4445,0.2501,16,D2H
1028.3978,1028.6688,0.2709,15,H2D
1029.6186,1029.8963,0.2777,16,H2D
1030.3266,1030.5333,0.2067,13,kernel
1030.5268,1032.7606,2.2338,15,kernel
1030.5357,1030.7759,0.2402,13,D2H
1031.9552,1032.2227,0.2674,13,H2D
1032.6692,1034.9464,2.2772,16,kernel
1034.8497,1035.0570,0.2073,14,kernel
1035.0508,1037.2881,2.2373,13,kernel
1035.0671,1035.3073,0.2402,14,D2H
1036.7041,1036.9649,0.2609,14,H2D
1037.1929,1037.3999,0.2070,15,kernel
1037.3931,1037.5595,0.1663,16,kernel
1037.4073,1037.6476,0.2402,15,D2H
1037.5529,1039.7908,2.2378,14,kernel
1037.6519,1037.8920,0.2402,16,D2H
1039.6937,1039.9017,0.2080,13,kernel
1039.7828,1040.0687,0.2859,15,H2D
1039.8955,1040.0611,0.1656,14,kernel
1039.9078,1040.1855,0.2777,13,D2H
1040.0788,1042.3092,2.2304,15,kernel
1040.1891,1040.4295,0.2404,14,D2H
1041.3009,1041.5608,0.2599,16,H2D
1042.2183,1044.4957,2.2774,16,kernel
1044.3996,1044.6057,0.2061,15,kernel
1044.5992,1044.7645,0.1652,16,kernel
1044.6071,1044.8471,0.2401,15,D2H
1044.8525,1045.0926,0.2401,16,D2H
1054.0471,1054.3038,0.2567,13,H2D
1054.3134,1056.8239,2.5105,13,kernel
1055.9238,1056.1913,0.2675,14,H2D
1056.1946,1056.4690,0.2744,15,H2D
1056.4718,1056.7454,0.2736,16,H2D
1056.7187,1059.2716,2.5529,14,kernel
1059.1705,1061.7220,2.5515,15,kernel
1061.6217,1064.1817,2.5600,16,kernel
1064.0716,1064.3028,0.2312,13,kernel
1064.2953,1064.4813,0.1859,14,kernel
1064.3085,1064.5488,0.2404,13,D2H
1064.4740,1064.6600,0.1860,15,kernel
1064.5532,1064.7936,0.2404,14,D2H
1064.6526,1064.8374,0.1848,16,kernel
1064.7980,1065.0384,0.2404,15,D2H
1065.0430,1065.2834,0.2403,16,D2H
1068.3888,1068.6483,0.2595,13,H2D
1068.6583,1071.1708,2.5126,13,kernel
1069.9008,1070.1680,0.2672,14,H2D
1070.1707,1070.4522,0.2815,15,H2D
1070.4555,1070.7363,0.2808,16,H2D
1071.0655,1073.6188,2.5534,14,kernel
1073.5173,1076.0764,2.5591,15,kernel
1075.9714,1078.5353,2.5640,16,kernel
1078.4225,1078.6554,0.2330,13,kernel
1078.6481,1078.8340,0.1859,14,kernel
1078.6600,1078.9004,0.2403,13,D2H
1078.8272,1079.0129,0.1857,15,kernel
1078.9047,1079.1450,0.2403,14,D2H
1079.0054,1079.1900,0.1846,16,kernel
1079.1504,1079.3909,0.2405,15,D2H
1079.3956,1079.6359,0.2403,16,D2H
1082.7816,1083.0414,0.2598,13,H2D
1083.0462,1085.5562,2.5101,13,kernel
1084.2010,1084.4690,0.2680,14,H2D
1084.4722,1084.7461,0.2739,15,H2D
1084.7492,1085.0231,0.2739,16,H2D
1085.4519,1088.0018,2.5499,14,kernel
1087.9034,1090.4653,2.5620,15,kernel
1090.3551,1092.9179,2.5628,16,kernel
1092.8093,1093.0409,0.2316,13,kernel
1093.0336,1093.2194,0.1857,14,kernel
1093.0471,1093.2874,0.2404,13,D2H
1093.2122,1093.3977,0.1855,15,kernel
1093.2918,1093.5323,0.2405,14,D2H
1093.3905,1093.5752,0.1847,16,kernel
1093.5374,1093.7779,0.2405,15,D2H
1093.7824,1094.0227,0.2404,16,D2H
1096.9311,1097.1908,0.2597,13,H2D
1097.2004,1099.7104,2.5100,13,kernel
1098.2257,1098.4972,0.2715,14,H2D
1098.5002,1098.7745,0.2743,15,H2D
1098.7773,1099.0517,0.2744,16,H2D
1099.6081,1102.1651,2.5570,14,kernel
1102.0643,1104.6246,2.5603,15,kernel
1104.5180,1107.0801,2.5621,16,kernel
1106.9721,1107.2023,0.2302,13,kernel
1107.1950,1107.3813,0.1863,14,kernel
1107.2084,1107.4488,0.2404,13,D2H
1107.3741,1107.5595,0.1854,15,kernel
1107.4532,1107.6936,0.2404,14,D2H
1107.5524,1107.7370,0.1846,16,kernel
1107.6979,1107.9384,0.2404,15,D2H
1107.9429,1108.1833,0.2403,16,D2H
1111.4594,1111.7190,0.2597,13,H2D
1111.7287,1114.2248,2.4961,13,kernel
1114.2257,1114.4093,0.1836,13,kernel
1114.4169,1114.6571,0.2402,13,D2H
1116.3962,1116.6554,0.2593,14,H2D
1116.6621,1119.1756,2.5135,14,kernel
1118.7733,1119.0451,0.2717,13,H2D
1119.0483,1119.3193,0.2710,15,H2D
1119.0736,1121.6421,2.5685,13,kernel
1119.3221,1119.5877,0.2656,16,H2D
1121.5297,1121.7614,0.2317,14,kernel
1121.7541,1124.2650,2.5109,15,kernel
1121.7659,1122.0062,0.2403,14,D2H
1123.1592,1123.4259,0.2666,14,H2D
1124.1651,1126.7306,2.5655,16,kernel
1126.6197,1126.8499,0.2302,13,kernel
1126.8428,1129.3617,2.5189,14,kernel
1126.8548,1127.0952,0.2404,13,D2H
1128.1028,1128.3630,0.2602,13,H2D
1129.2539,1129.4847,0.2308,15,kernel
1129.4778,1129.6639,0.1861,16,kernel
1129.4872,1129.7275,0.2403,15,D2H
1129.6565,1132.1783,2.5218,13,kernel
1129.7321,1129.9726,0.2404,16,D2H
1131.5796,1131.8392,0.2597,15,H2D
1132.0668,1132.2989,0.2321,14,kernel
1132.2918,1132.4780,0.1862,13,kernel
1132.3013,1132.5418,0.2405,14,D2H
1132.4707,1134.7818,2.3111,15,kernel
1132.5460,1132.7863,0.2404,13,D2H
1134.7825,1134.9528,0.1703,15,kernel
1134.9540,1135.1941,0.2401,15,D2H
1135.6801,1135.9397,0.2596,16,H2D
1135.9499,1138.2498,2.3000,16,kernel
1138.2507,1138.4209,0.1702,16,kernel
1138.4271,1138.6672,0.2401,16,D2H
1142.3354,1142.6011,0.2657,13,H2D
1142.6036,1142.8791,0.2754,14,H2D
1142.6098,1144.9258,2.3159,13,kernel
1142.8825,1143.1797,0.2972,15,H2D
1143.1823,1143.4566,0.2743,16,H2D
1144.8289,1147.1849,2.3560,14,kernel
1147.0904,1149.3780,2.2876,15,kernel
1149.2913,1151.5171,2.2257,16,kernel
1151.4262,1151.6303,0.2041,13,kernel
1151.6241,1151.7873,0.1632,14,kernel
1151.6358,1151.8760,0.2403,13,D2H
1151.7810,1151.9441,0.1630,15,kernel
1151.8803,1152.1204,0.2402,14,D2H
1151.9377,1152.0995,0.1619,16,kernel
1152.1247,1152.3647,0.2400,15,D2H
1152.3691,1152.6092,0.2401,16,D2H
1159.4543,1159.7133,0.2590,13,H2D
1159.7194,1161.9074,2.1880,13,kernel
1161.1159,1161.4062,0.2903,14,H2D
1161.4089,1161.6930,0.2841,15,H2D
1161.6960,1161.9667,0.2708,16,H2D
1161.8167,1164.0438,2.2270,14,kernel
1163.9544,1166.1858,2.2313,15,kernel
1166.0936,1166.2952,0.2016,13,kernel
1166.2889,1168.4584,2.1695,16,kernel
1166.3020,1166.5422,0.2402,13,D2H
1168.3637,1168.5588,0.1951,14,kernel
1168.5526,1168.7103,0.1577,15,kernel
1168.5704,1168.8819,0.3114,14,D2H
1168.5895,1168.9036,0.3141,13,H2D
1168.7041,1168.8610,0.1569,16,kernel
1168.8925,1169.1352,0.2427,15,D2H
1168.9116,1171.0188,2.1072,13,kernel
1169.1395,1169.3795,0.2401,16,D2H
1171.0195,1171.1758,0.1563,13,kernel
1171.1840,1171.4242,0.2401,13,D2H
1177.8914,1178.1502,0.2588,13,H2D
1178.1571,1180.2638,2.1067,13,kernel
1179.9690,1180.2358,0.2668,14,H2D
1180.2387,1180.5060,0.2673,15,H2D
1180.2397,1182.3617,2.1220,14,kernel
1180.5085,1180.7748,0.2663,16,H2D
1182.2733,1182.4701,0.1968,13,kernel
1182.4643,1184.5869,2.1227,15,kernel
1182.4757,1182.7158,0.2401,13,D2H
1184.4950,1186.6586,2.1637,16,kernel
1185.9096,1186.1698,0.2602,13,H2D
1186.5674,1186.7638,0.1964,14,kernel
1186.7574,1186.9156,0.1581,15,kernel
1186.7676,1187.0084,0.2408,14,D2H
1186.9094,1189.0334,2.1239,13,kernel
1187.0125,1187.2526,0.2401,15,D2H
1188.9424,1189.1387,0.1963,16,kernel
1189.1327,1189.2900,0.1574,13,kernel
1189.1402,1189.3803,0.2401,16,D2H
1189.3847,1189.6249,0.2402,13,D2H
1192.5050,1192.7645,0.2595,14,H2D
1192.7710,1194.8699,2.0989,14,kernel
1194.8707,1195.0271,0.1564,14,kernel
1195.0311,1195.2711,0.2400,14,D2H
1196.6984,1196.9581,0.2597,13,H2D
1196.9655,1199.0685,2.1031,13,kernel
1199.0692,1199.2255,0.1562,13,kernel
1199.2338,1199.4739,0.2400,13,D2H
1200.5039,1200.7631,0.2592,14,H2D
1200.7683,1202.8848,2.1165,14,kernel
1201.9586,1202.2316,0.2730,13,H2D
1202.2342,1202.5093,0.2751,15,H2D
1202.5118,1202.7847,0.2729,16,H2D
1202.7992,1204.9550,2.1558,13,kernel
1204.8689,1207.0260,2.1571,15,kernel
1206.9375,1209.1088,2.1712,16,kernel
1209.0152,1209.2137,0.1985,14,kernel
1209.2075,1209.3671,0.1595,13,kernel
1209.2226,1209.4629,0.2403,14,D2H
1209.3611,1209.5209,0.1599,15,kernel
1209.4670,1209.7071,0.2402,13,D2H
1209.5147,1209.6739,0.1591,16,kernel
1209.7114,1209.9514,0.2400,15,D2H
1209.9564,1210.1967,0.2403,16,D2H
1212.1155,1212.3752,0.2598,14,H2D
1212.3802,1214.5298,2.1497,14,kernel
1214.5305,1214.6898,0.1593,14,kernel
1214.6948,1214.9349,0.2401,14,D2H
1217.5216,1217.7798,0.2583,13,H2D
1217.7871,1219.9483,2.1612,13,kernel
1219.4039,1219.6952,0.2913,14,H2D
1219.6986,1219.9811,0.2825,15,H2D
1219.8592,1222.0688,2.2096,14,kernel
1219.9835,1220.2506,0.2670,16,H2D
1221.9722,1222.1728,0.2006,13,kernel
1222.1662,1224.3290,2.1628,15,kernel
1222.1787,1222.4192,0.2405,13,D2H
1223.2004,1223.4686,0.2682,13,H2D
1224.2414,1226.4461,2.2047,16,kernel
1226.3519,1226.5533,0.2013,14,kernel
1226.5471,1228.7099,2.1627,13,kernel
1226.5560,1226.7961,0.2401,14,D2H
1228.6225,1228.8217,0.1992,15,kernel
1228.8158,1228.9773,0.1615,16,kernel
1228.8243,1229.1204,0.2961,15,D2H
1228.8814,1229.1904,0.3090,14,H2D
1228.9713,1229.1323,0.1610,13,kernel
1229.1310,1229.3849,0.2539,16,D2H
1229.1985,1231.3552,2.1567,14,kernel
1229.3888,1229.6289,0.2401,13,D2H
1231.3558,1231.5182,0.1624,14,kernel
1231.5216,1231.7617,0.2401,14,D2H
1235.4824,1235.7421,0.2597,13,H2D
1235.7507,1237.9684,2.2177,13,kernel
1237.9692,1238.1333,0.1642,13,kernel
1238.1348,1238.3748,0.2401,13,D2H
1242.3271,1242.5903,0.2632,14,H2D
1242.5947,1244.8280,2.2333,14,kernel
1243.4922,1243.7632,0.2710,13,H2D
1243.7663,1244.0404,0.2741,15,H2D
1244.0432,1244.3155,0.2723,16,H2D
1244.7369,1247.0087,2.2718,13,kernel
1246.9187,1249.1886,2.2698,15,kernel
1249.1004,1251.3104,2.2100,16,kernel
1251.2187,1251.4181,0.1994,14,kernel
1251.4118,1251.5734,0.1616,13,kernel
1251.4255,1251.6649,0.2394,14,D2H
1251.5670,1251.7280,0.1610,15,kernel
1251.6693,1251.9096,0.2403,13,D2H
1251.7218,1251.8827,0.1609,16,kernel
1251.9139,1252.1539,0.2400,15,D2H
1252.1583,1252.3984,0.2401,16,D2H
1254.0427,1254.3020,0.2593,14,H2D
1254.3093,1256.4570,2.1477,14,kernel
1256.4577,1256.6169,0.1592,14,kernel
1256.6193,1256.9120,0.2927,14,D2H
1256.6901,1256.9935,0.3034,13,H2D
1256.9960,1257.2621,0.2661,15,H2D
1257.0050,1259.1693,2.1643,13,kernel
1257.2648,1257.5315,0.2667,16,H2D
1257.5570,1257.8284,0.2714,14,H2D
1259.0791,1261.2810,2.2019,15,kernel
1261.1908,1263.3936,2.2028,16,kernel
1263.3047,1265.5120,2.2072,14,kernel
1265.4163,1265.6171,0.2008,13,kernel
1265.6109,1265.7720,0.1611,15,kernel
1265.6258,1265.8663,0.2404,13,D2H
1265.7658,1265.9271,0.1613,16,kernel
1265.8705,1266.1106,0.2401,15,D2H
1265.9208,1266.0812,0.1604,14,kernel
1266.1150,1266.3551,0.2401,16,D2H
1266.3595,1266.5994,0.2399,14,D2H
1273.5067,1273.7659,0.2592,13,H2D
1273.7751,1276.0740,2.2989,13,kernel
1276.0748,1276.2453,0.1705,13,kernel
1276.1849,1276.4847,0.2998,14,H2D
1276.2532,1276.5700,0.3169,13,D2H
1276.4881,1276.7678,0.2797,15,H2D
1276.4923,1278.8046,2.3124,14,kernel
1276.7705,1277.0382,0.2677,16,H2D
1278.7100,1281.0642,2.3541,15,kernel
1279.4305,1279.6977,0.2672,13,H2D
1280.9689,1283.3275,2.3586,16,kernel
1283.2251,1283.4383,0.2132,14,kernel
1283.4318,1285.7502,2.3184,13,kernel
1283.4421,1283.6823,0.2402,14,D2H
1284.4482,1284.7098,0.2615,14,H2D
1285.6479,1285.8625,0.2146,15,kernel
1285.8559,1286.0277,0.1718,16,kernel
1285.8673,1286.1077,0.2404,15,D2H
1286.0209,1288.3379,2.3170,14,kernel
1286.1120,1286.3522,0.2402,16,D2H
1287.9311,1288.1917,0.2606,15,H2D
1288.2373,1288.4506,0.2133,13,kernel
1288.4441,1290.7628,2.3187,15,kernel
1288.4567,1288.6970,0.2403,13,D2H
1289.5640,1289.8249,0.2610,16,H2D
1290.6619,1290.8746,0.2126,14,kernel
1290.8681,1293.1858,2.3178,16,kernel
1290.8848,1291.1250,0.2402,14,D2H
1292.1572,1292.4180,0.2609,13,H2D
1293.0854,1293.2990,0.2137,15,kernel
1293.2925,1295.6064,2.3139,13,kernel
1293.3012,1293.6084,0.3072,15,D2H
1293.3198,1293.6307,0.3109,14,H2D
1294.2670,1294.5347,0.2677,15,H2D
1295.5101,1295.7232,0.2131,16,kernel
1295.7167,1298.0285,2.3118,14,kernel
1295.7303,1295.9704,0.2402,16,D2H
1297.5053,1297.7727,0.2674,16,H2D
1297.9330,1300.2907,2.3577,15,kernel
1300.1920,1300.4043,0.2123,13,kernel
1300.3978,1302.7112,2.3135,16,kernel
1300.4074,1300.6476,0.2402,13,D2H
1301.2839,1301.5454,0.2615,13,H2D
1302.6147,1302.8275,0.2127,14,kernel
1302.8209,1302.9927,0.1718,15,kernel
1302.8387,1303.0790,0.2403,14,D2H
1302.9862,1305.3056,2.3193,13,kernel
1303.0833,1303.3236,0.2403,15,D2H
1305.2026,1305.4166,0.2140,16,kernel
1305.4094,1305.5803,0.1708,13,kernel
1305.4253,1305.6656,0.2403,16,D2H
1305.6702,1305.9105,0.2403,13,D2H
1306.7572,1307.0183,0.2611,14,H2D
1307.0257,1309.3209,2.2952,14,kernel
1309.3217,1309.5011,0.1794,14,kernel
1309.4204,1309.7203,0.2999,13,H2D
1309.5060,1309.8220,0.3160,14,D2H
1309.7238,1310.0065,0.2827,15,H2D
1309.7297,1312.2404,2.5108,13,kernel
1310.0093,1310.2753,0.2659,16,H2D
1310.4626,1310.7352,0.2726,14,H2D
1312.1405,1314.7011,2.5606,15,kernel
1314.5953,1317.1489,2.5535,16,kernel
1317.0498,1319.6168,2.5669,14,kernel
1319.5089,1319.7391,0.2302,13,kernel
1319.7320,1319.9183,0.1863,15,kernel
1319.7404,1319.9807,0.2403,13,D2H
1319.9111,1320.0971,0.1861,16,kernel
1319.9851,1320.2255,0.2404,15,D2H
1320.0897,1320.2749,0.1851,14,kernel
1320.2300,1320.4704,0.2404,16,D2H
1320.4750,1320.7153,0.2402,14,D2H
1323.4158,1323.6760,0.2601,13,H2D
1323.6838,1326.1779,2.4941,13,kernel
1326.1786,1326.3623,0.1837,13,kernel
1326.3709,1326.6113,0.2404,13,D2H
1327.4660,1327.7232,0.2571,14,H2D
1327.7283,1330.2379,2.5096,14,kernel
1329.0124,1329.2826,0.2702,13,H2D
1329.2856,1329.5613,0.2757,15,H2D
1329.5644,1329.8379,0.2735,16,H2D
1330.1410,1332.6910,2.5501,13,kernel
1332.5901,1335.0377,2.4476,15,kernel
1334.9361,1337.3917,2.4556,16,kernel
1337.2823,1337.5032,0.2209,14,kernel
1337.4962,1337.6750,0.1788,13,kernel
1337.5054,1337.7457,0.2403,14,D2H
1337.6676,1337.8455,0.1779,15,kernel
1337.7502,1337.9910,0.2408,13,D2H
1337.8389,1338.0155,0.1766,16,kernel
1337.9954,1338.2356,0.2402,15,D2H
1338.2400,1338.4803,0.2403,16,D2H
1343.2306,1343.4898,0.2592,14,H2D
1343.4944,1345.8803,2.3859,14,kernel
1345.8812,1346.0573,0.1762,14,kernel
1346.0650,1346.3052,0.2402,14,D2H
1347.0246,1347.2838,0.2593,13,H2D
1347.2895,1349.6943,2.4048,13,kernel
1347.9052,1348.1770,0.2718,14,H2D
1348.1800,1348.4539,0.2739,15,H2D
1348.4567,1348.7289,0.2722,16,H2D
1349.5930,1351.9150,2.3220,14,kernel
1351.8197,1354.1201,2.3003,15,kernel
1354.0295,1356.3385,2.3089,16,kernel
1356.2386,1356.4482,0.2096,13,kernel
1356.4416,1356.6095,0.1679,14,kernel
1356.4548,1356.6951,0.2403,13,D2H
1356.6031,1356.7714,0.1683,15,kernel
1356.6996,1356.9398,0.2401,14,D2H
1356.7647,1356.9320,0.1673,16,kernel
1356.9441,1357.1843,0.2402,15,D2H
1357.1894,1357.4296,0.2402,16,D2H
1360.1720,1360.4359,0.2639,13,H2D
1360.4394,1362.6839,2.2446,13,kernel
1362.6847,1362.8514,0.1667,13,kernel
1362.7451,1363.0370,0.2919,14,H2D
1362.8646,1363.1829,0.3183,13,D2H
1363.0407,1363.3302,0.2896,15,H2D
1363.0439,1365.2983,2.2544,14,kernel
1363.3337,1363.6011,0.2675,16,H2D
1363.8191,1364.0928,0.2737,13,H2D
1365.2121,1367.5169,2.3048,15,kernel
1367.4183,1369.7159,2.2975,16,kernel
1369.6246,1371.9084,2.2838,13,kernel
1371.8102,1372.0190,0.2088,14,kernel
1372.0128,1372.1791,0.1663,15,kernel
1372.0216,1372.2620,0.2404,14,D2H
1372.1726,1372.3387,0.1661,16,kernel
1372.2671,1372.5071,0.2401,15,D2H
1372.3325,1372.4979,0.1654,13,kernel
1372.5117,1372.7519,0.2402,16,D2H
1372.7564,1372.9967,0.2403,13,D2H
1374.7789,1375.0372,0.2583,14,H2D
1375.0464,1377.2759,2.2295,14,kernel
1376.3839,1376.6555,0.2716,13,H2D
1376.6586,1376.9324,0.2738,15,H2D
1376.9351,1377.2085,0.2734,16,H2D
1377.1864,1379.4627,2.2763,13,kernel
1379.3696,1381.6417,2.2721,15,kernel
1381.5507,1383.8293,2.2787,16,kernel
1383.7313,1383.9386,0.2073,14,kernel
1383.9318,1384.0979,0.1660,13,kernel
1383.9493,1384.1895,0.2403,14,D2H
1384.0917,1384.2577,0.1660,15,kernel
1384.1938,1384.4342,0.2404,13,D2H
1384.2514,1384.4164,0.1650,16,kernel
1384.4384,1384.6786,0.2402,15,D2H
1384.6829,1384.9231,0.2401,16,D2H
1386.6707,1386.9299,0.2592,14,H2D
1386.9389,1389.1684,2.2295,14,kernel
1388.6887,1388.9612,0.2725,13,H2D
1388.9640,1389.2369,0.2729,15,H2D
1389.0786,1391.3810,2.3023,13,kernel
1389.2395,1389.5062,0.2667,16,H2D
1391.2830,1391.4976,0.2146,14,kernel
1391.4907,1393.8016,2.3109,15,kernel
1391.5069,1391.7472,0.2403,14,D2H
1392.6675,1392.9350,0.2675,14,H2D
1393.7069,1396.0629,2.3560,16,kernel
1395.9631,1396.1775,0.2144,13,kernel
1396.1710,1398.4834,2.3124,14,kernel
1396.1880,1396.4282,0.2402,13,D2H
1397.4595,1397.7212,0.2617,13,H2D
1398.3866,1398.5998,0.2132,15,kernel
1398.5931,1398.7645,0.1714,16,kernel
1398.6054,1398.8458,0.2404,15,D2H
1398.7583,1401.0701,2.3118,13,kernel
1398.8503,1399.0905,0.2402,16,D2H
1400.9749,1401.1869,0.2119,14,kernel
1401.1796,1401.3503,0.1707,13,kernel
1401.1941,1401.4345,0.2404,14,D2H
1401.4387,1401.6790,0.2403,13,D2H
1401.7593,1402.0188,0.2595,15,H2D
1402.0262,1404.3211,2.2949,15,kernel
1404.3218,1404.4913,0.1694,15,kernel
1404.4993,1404.7393,0.2401,15,D2H
1406.2754,1406.5331,0.2577,13,H2D
1406.5419,1408.8376,2.2957,13,kernel
1408.8384,1409.0083,0.1699,13,kernel
1409.0171,1409.2572,0.2401,13,D2H
1410.1084,1410.3673,0.2589,14,H2D
1410.3747,1412.7524,2.3778,14,kernel
1412.1745,1412.4472,0.2727,13,H2D
1412.4500,1412.7253,0.2754,15,H2D
1412.6501,1415.0886,2.4385,13,kernel
1412.7283,1412.9951,0.2669,16,H2D
1414.9876,1417.4373,2.4497,15,kernel
1417.3287,1417.5504,0.2216,14,kernel
1417.5432,1419.9418,2.3986,16,kernel
1417.5606,1417.8009,0.2403,14,D2H
1418.6612,1418.9287,0.2675,14,H2D
1419.8373,1420.0601,0.2228,13,kernel
1420.0533,1420.2309,0.1776,15,kernel
1420.0687,1420.3090,0.2403,13,D2H
1420.2243,1422.6210,2.3966,14,kernel
1420.3131,1420.5534,0.2402,15,D2H
1422.5177,1422.7408,0.2231,16,kernel
1422.7339,1422.9113,0.1774,14,kernel
1422.7495,1423.0584,0.3089,16,D2H
1422.7602,1423.0727,0.3125,13,H2D
1423.0692,1423.3111,0.2419,14,D2H
1423.0802,1425.4698,2.3896,13,kernel
1425.0267,1425.3119,0.2852,15,H2D
1425.3773,1427.8183,2.4410,15,kernel
1427.7142,1427.9357,0.2216,13,kernel
1427.9286,1428.1053,0.1768,15,kernel
1427.9380,1428.1784,0.2404,13,D2H
1428.1826,1428.4227,0.2402,15,D2H
1428.5913,1428.8507,0.2595,14,H2D
1428.8552,1431.2349,2.3798,14,kernel
1431.1517,1431.4182,0.2665,13,H2D
1431.2357,1431.4131,0.1774,14,kernel
1431.4208,1431.7420,0.3212,15,H2D
1431.4215,1431.7460,0.3245,14,D2H
1431.4302,1433.8513,2.4212,13,kernel
1431.7458,1432.0102,0.2643,16,H2D
1433.7499,1436.2985,2.5486,15,kernel
1435.7438,1436.0114,0.2676,14,H2D
1436.1963,1438.7558,2.5595,16,kernel
1438.6486,1438.8795,0.2309,13,kernel
1438.8722,1441.3889,2.5167,14,kernel
1438.8831,1439.1234,0.2403,13,D2H
1439.8628,1440.1226,0.2598,13,H2D
1441.2796,1441.5103,0.2306,15,kernel
1441.5033,1441.6889,0.1856,16,kernel
1441.5164,1441.7569,0.2406,15,D2H
1441.6819,1444.1964,2.5145,13,kernel
1441.7612,1442.0014,0.2403,16,D2H
1443.2242,1443.4920,0.2678,15,H2D
1444.0892,1444.3205,0.2314,14,kernel
1444.3133,1446.8318,2.5185,15,kernel
1444.3299,1444.5702,0.2403,14,D2H
1444.8335,1445.0941,0.2605,16,H2D
1446.7212,1446.9521,0.2308,13,kernel
1446.9452,1449.4592,2.5140,16,kernel
1446.9543,1447.1948,0.2404,13,D2H
1447.5514,1447.8173,0.2658,14,H2D
1449.3304,1449.5943,0.2639,13,H2D
1449.3530,1449.5857,0.2327,15,kernel
1449.5787,1452.1046,2.5260,14,kernel
1449.5905,1449.8324,0.2419,15,D2H
1450.6645,1450.9389,0.2744,15,H2D
1451.9921,1452.2259,0.2338,16,kernel
1452.2185,1454.7677,2.5493,13,kernel
1452.2347,1452.4819,0.2472,16,D2H
1453.1086,1453.3742,0.2656,16,H2D
1454.6642,1457.2696,2.6054,15,kernel
1457.1564,1457.3916,0.2352,14,kernel
1457.3845,1459.9406,2.5561,16,kernel
1457.4012,1457.6415,0.2403,14,D2H
1458.3944,1458.6927,0.2983,14,H2D
1459.8298,1460.0672,0.2374,13,kernel
1460.0598,1460.2483,0.1885,15,kernel
1460.0710,1460.3117,0.2407,13,D2H
1460.2413,1462.8037,2.5624,14,kernel
1460.3159,1460.5564,0.2405,15,D2H
1461.8644,1462.1247,0.2603,13,H2D
1462.4572,1462.7249,0.2676,15,H2D
1462.6884,1462.9229,0.2345,16,kernel
1462.9152,1465.4604,2.5452,13,kernel
1462.9292,1463.1758,0.2467,16,D2H
1465.3606,1467.9635,2.6029,15,kernel
1465.6465,1465.9197,0.2732,16,H2D
1467.8535,1468.0891,0.2356,14,kernel
1468.0816,1468.2700,0.1884,13,kernel
1468.1018,1468.3423,0.2405,14,D2H
1468.2629,1470.8173,2.5544,16,kernel
1468.3466,1468.5873,0.2407,13,D2H
1469.0080,1469.2755,0.2674,14,H2D
1470.7092,1470.9449,0.2357,15,kernel
1470.9378,1473.5390,2.6013,14,kernel
1470.9493,1471.1897,0.2403,15,D2H
1471.2058,1471.4663,0.2605,13,H2D
1473.4237,1473.6636,0.2400,16,kernel
1473.6564,1476.2759,2.6196,13,kernel
1473.6717,1473.9121,0.2404,16,D2H
1473.9700,1474.2370,0.2670,15,H2D
1474.7217,1474.9870,0.2653,16,H2D
1476.1645,1476.4056,0.2412,14,kernel
1476.3979,1479.0153,2.6175,15,kernel
1476.4094,1476.6499,0.2404,14,D2H
1478.3883,1478.6553,0.2670,14,H2D
1478.9053,1481.5725,2.6671,16,kernel
1481.4587,1481.6998,0.2410,13,kernel
1481.6923,1484.3031,2.6108,14,kernel
1481.7043,1481.9448,0.2404,13,D2H
1482.5922,1482.8586,0.2664,13,H2D
1484.1980,1484.4384,0.2404,15,kernel
1484.4310,1484.6242,0.1932,16,kernel
1484.4417,1484.6821,0.2404,15,D2H
1484.6165,1487.2382,2.6217,13,kernel
1484.6866,1484.9270,0.2404,16,D2H
1486.2138,1486.4812,0.2674,15,H2D
1487.1219,1487.3624,0.2406,14,kernel
1487.3552,1489.9805,2.6253,15,kernel
1487.3733,1487.6553,0.2820,14,D2H
1487.4758,1487.7692,0.2934,16,H2D
1488.2577,1488.5249,0.2672,14,H2D
1489.8624,1490.1029,0.2404,13,kernel
1490.0954,1492.7056,2.6102,16,kernel
1490.1072,1490.3541,0.2469,13,D2H
1491.1875,1491.4543,0.2668,13,H2D
1492.6035,1495.2694,2.6659,14,kernel
1495.1542,1495.3959,0.2417,15,kernel
1495.3886,1498.0072,2.6186,13,kernel
1495.4017,1495.6421,0.2403,15,D2H
1496.3390,1496.6059,0.2668,15,H2D
1497.8956,1498.1361,0.2405,16,kernel
1498.1282,1498.3215,0.1933,14,kernel
1498.1409,1498.3814,0.2405,16,D2H
1498.3140,1500.9305,2.6165,15,kernel
1498.3858,1498.6265,0.2407,14,D2H
1499.0423,1499.3039,0.2616,16,H2D
1500.8214,1501.0613,0.2399,13,kernel
1501.0537,1503.6730,2.6193,16,kernel
1501.0636,1501.3040,0.2404,13,D2H
1501.4621,1501.7290,0.2669,14,H2D
1503.5605,1503.8001,0.2396,15,kernel
1503.7931,1506.4104,2.6173,14,kernel
1503.8050,1504.0931,0.2882,15,D2H
1503.8868,1504.1834,0.2966,13,H2D
1504.8431,1505.1107,0.2676,15,H2D
1506.3002,1506.5402,0.2401,16,kernel
1506.5325,1509.1437,2.6112,13,kernel
1506.5451,1506.7925,0.2474,16,D2H
1507.3930,1507.6603,0.2674,16,H2D
1509.0396,1511.7054,2.6658,15,kernel
1511.5882,1511.8307,0.2425,14,kernel
1511.8235,1514.4344,2.6109,16,kernel
1511.8410,1512.0814,0.2404,14,D2H
1512.7376,1513.0034,0.2658,14,H2D
1514.3283,1514.5689,0.2406,13,kernel
1514.5616,1514.7544,0.1928,15,kernel
1514.5712,1514.8118,0.2405,13,D2H
1514.7472,1517.3630,2.6157,14,kernel
1514.8161,1515.0566,0.2405,15,D2H
1517.2517,1517.4930,0.2413,16,kernel
1517.3932,1517.6846,0.2914,13,H2D
1517.4858,1517.6787,0.1929,14,kernel
1517.4981,1517.7824,0.2843,16,D2H
1517.6901,1520.2971,2.6070,13,kernel
1517.7864,1518.0268,0.2404,14,D2H
1519.6251,1519.8926,0.2675,15,H2D
1520.1951,1522.8618,2.6668,15,kernel
1522.7464,1522.9861,0.2396,13,kernel
1522.9786,1523.1706,0.1920,15,kernel
1522.9938,1523.2344,0.2406,13,D2H
1523.2387,1523.4791,0.2403,15,D2H
1523.8093,1524.0686,0.2593,14,H2D
1524.0782,1526.6719,2.5937,14,kernel
1526.5899,1526.8526,0.2627,13,H2D
1526.6727,1526.8653,0.1925,14,kernel
1526.8554,1527.1686,0.3131,15,H2D
1526.8638,1529.4785,2.6147,13,kernel
1526.8780,1527.1962,0.3181,14,D2H
1527.1723,1527.4405,0.2682,16,H2D
1528.6420,1528.9149,0.2729,14,H2D
1529.3691,1532.0263,2.6572,15,kernel
1531.9228,1534.5682,2.6454,16,kernel
1534.4622,1537.0628,2.6006,14,kernel
1536.9528,1537.1892,0.2363,13,kernel
1537.1817,1537.3704,0.1886,15,kernel
1537.1982,1537.4386,0.2404,13,D2H
1537.3631,1537.5516,0.1885,16,kernel
1537.4430,1537.6834,0.2404,15,D2H
1537.5445,1537.7320,0.1875,14,kernel
1537.6880,1537.9284,0.2404,16,D2H
1537.9330,1538.1732,0.2402,14,D2H
1540.7780,1541.0374,0.2594,13,H2D
1541.0455,1543.5771,2.5317,13,kernel
1543.5779,1543.7645,0.1866,13,kernel
1543.7735,1544.0138,0.2403,13,D2H
1544.6136,1544.8729,0.2594,14,H2D
1544.8823,1547.4341,2.5518,14,kernel
1545.4086,1545.6799,0.2713,13,H2D
1545.6828,1545.9559,0.2731,15,H2D
1545.9588,1546.2339,0.2751,16,H2D
1547.3314,1549.9246,2.5932,13,kernel
1549.8206,1552.4138,2.5932,15,kernel
1552.3107,1554.8260,2.5153,16,kernel
1554.7186,1554.9453,0.2267,14,kernel
1554.9382,1555.1206,0.1824,13,kernel
1554.9493,1555.1897,0.2404,14,D2H
1555.1136,1555.2951,0.1814,15,kernel
1555.1941,1555.4344,0.2403,13,D2H
1555.2883,1555.4691,0.1809,16,kernel
1555.4388,1555.6792,0.2403,15,D2H
1555.6838,1555.9241,0.2403,16,D2H
1557.6354,1557.8953,0.2599,14,H2D
1557.9021,1560.3546,2.4525,14,kernel
1558.4410,1558.7125,0.2715,13,H2D
1558.7156,1558.9902,0.2746,15,H2D
1558.9936,1559.2662,0.2727,16,H2D
1560.2574,1562.7560,2.4986,13,kernel
1562.6593,1565.1553,2.4960,15,kernel
1565.0581,1567.5646,2.5065,16,kernel
1567.4596,1567.6857,0.2261,14,kernel
1567.6788,1567.8612,0.1824,13,kernel
1567.6905,1567.9310,0.2405,14,D2H
1567.8543,1568.0359,0.1816,15,kernel
1567.9352,1568.1756,0.2403,13,D2H
1568.0290,1568.2106,0.1815,16,kernel
1568.1800,1568.4204,0.2403,15,D2H
1568.4249,1568.6666,0.2417,16,D2H
1570.1819,1570.4415,0.2596,14,H2D
1570.4466,1572.8814,2.4348,14,kernel
1571.0807,1571.3532,0.2725,13,H2D
1571.3561,1571.6291,0.2731,15,H2D
1571.6324,1571.9048,0.2723,16,H2D
1572.7826,1575.2205,2.4379,13,kernel
1575.1241,1577.5635,2.4394,15,kernel
1577.4679,1579.9135,2.4456,16,kernel
1579.8117,1580.0330,0.2213,14,kernel
1580.0260,1580.2041,0.1781,13,kernel
1580.0369,1580.2773,0.2404,14,D2H
1580.1973,1580.3749,0.1776,15,kernel
1580.2816,1580.5219,0.2404,13,D2H
1580.3682,1580.5457,0.1774,16,kernel
1580.5263,1580.7672,0.2409,15,D2H
1580.7715,1581.0118,0.2403,16,D2H
1582.6372,1582.8971,0.2599,14,H2D
1582.9022,1585.2841,2.3818,14,kernel
1585.2849,1585.4624,0.1775,14,kernel
1585.2927,1585.5709,0.2782,13,H2D
1585.4815,1585.8002,0.3187,14,D2H
1585.5749,1585.8804,0.3055,15,H2D
1585.5855,1587.9867,2.4012,13,kernel
1585.8832,1586.1497,0.2665,16,H2D
1587.8870,1590.3271,2.4402,15,kernel
1588.0474,1588.3142,0.2668,14,H2D
1590.2315,1592.6771,2.4456,16,kernel
1592.5728,1592.7943,0.2215,13,kernel
1592.7873,1595.1926,2.4054,14,kernel
1592.8019,1593.0421,0.2403,13,D2H
1593.9386,1594.2002,0.2616,13,H2D
1595.0821,1595.3052,0.2231,15,kernel
1595.2987,1595.4767,0.1780,16,kernel
1595.3093,1595.5502,0.2409,15,D2H
1595.4696,1597.8734,2.4038,13,kernel
1595.5547,1595.7949,0.2403,16,D2H
1597.1032,1597.3713,0.2681,15,H2D
1597.3740,1597.6410,0.2670,16,H2D
1597.7665,1597.9878,0.2214,14,kernel
1597.9811,1600.3755,2.3944,15,kernel
1597.9981,1598.2383,0.2402,14,D2H
1598.9577,1599.2251,0.2674,14,H2D
1600.2791,1602.7222,2.4432,16,kernel
1602.6150,1602.8377,0.2227,13,kernel
1602.8308,1605.2370,2.4062,14,kernel
1602.8458,1603.0861,0.2403,13,D2H
1604.0069,1604.2677,0.2608,13,H2D
1605.1286,1605.3488,0.2202,15,kernel
1605.3418,1605.5194,0.1776,16,kernel
1605.3518,1605.5925,0.2407,15,D2H
1605.5128,1607.9110,2.3983,13,kernel
1605.5968,1605.8370,0.2402,16,D2H
1607.8074,1608.0301,0.2227,14,kernel
1608.0229,1608.1995,0.1767,13,kernel
1608.0311,1608.2714,0.2402,14,D2H
1608.2757,1608.5160,0.2403,13,D2H
1610.3508,1610.6103,0.2594,15,H2D
1610.6134,1612.9947,2.3813,15,kernel
1612.9954,1613.1777,0.1823,15,kernel
1613.1858,1613.4260,0.2402,15,D2H
1619.0557,1619.3303,0.2746,13,H2D
1619.3334,1619.6094,0.2761,14,H2D
1619.3352,1621.8910,2.5558,13,kernel
1619.6132,1619.8880,0.2748,15,H2D
1619.8911,1620.1639,0.2728,16,H2D
1621.7885,1624.3928,2.6043,14,kernel
1624.2895,1626.8887,2.5992,15,kernel
1626.7847,1629.3926,2.6079,16,kernel
1629.2812,1629.5166,0.2354,13,kernel
1629.5092,1629.6985,0.1893,14,kernel
1629.5202,1629.7606,0.2404,13,D2H
1629.6908,1629.8798,0.1890,15,kernel
1629.7650,1630.0054,0.2404,14,D2H
1629.8723,1630.0600,0.1877,16,kernel
1630.0097,1630.2502,0.2404,15,D2H
1630.2546,1630.4949,0.2403,16,D2H
1633.6712,1633.9372,0.2660,13,H2D
1633.9427,1636.4716,2.5289,13,kernel
1635.2536,1635.5210,0.2673,14,H2D
1635.5245,1635.8004,0.2759,15,H2D
1635.8035,1636.0775,0.2740,16,H2D
1636.3730,1638.8816,2.5086,14,kernel
1638.7770,1641.2802,2.5031,15,kernel
1641.1806,1643.6910,2.5104,16,kernel
1643.5839,1643.8125,0.2286,13,kernel
1643.8050,1643.9872,0.1822,14,kernel
1643.8147,1644.0552,0.2405,13,D2H
1643.9804,1644.1628,0.1824,15,kernel
1644.0595,1644.3000,0.2405,14,D2H
1644.1557,1644.3376,0.1819,16,kernel
1644.3041,1644.5444,0.2403,15,D2H
1644.5496,1644.7898,0.2402,16,D2H
1648.0605,1648.3203,0.2597,13,H2D
1648.3304,1650.7891,2.4587,13,kernel
1648.8494,1649.1190,0.2696,14,H2D
1649.1230,1649.3996,0.2766,15,H2D
1649.4027,1649.6761,0.2734,16,H2D
1650.6917,1653.1932,2.5015,14,kernel
1653.0956,1655.4121,2.3165,15,kernel
1655.3134,1657.6194,2.3060,16,kernel
1657.5222,1657.7304,0.2083,13,kernel
1657.7240,1657.8921,0.1682,14,kernel
1657.7407,1657.9810,0.2403,13,D2H
1657.8858,1658.0537,0.1679,15,kernel
1657.9852,1658.2295,0.2442,14,D2H
1658.0471,1658.2144,0.1673,16,kernel
1658.2353,1658.4754,0.2401,15,D2H
1658.4798,1658.7200,0.2402,16,D2H
1661.7602,1662.0185,0.2583,13,H2D
1662.0272,1664.2704,2.2432,13,kernel
1664.2712,1664.4370,0.1658,13,kernel
1664.4409,1664.6810,0.2401,13,D2H
1665.7786,1666.0480,0.2694,14,H2D
1666.0542,1668.3120,2.2577,14,kernel
1667.8318,1668.1113,0.2795,13,H2D
1668.1146,1668.3869,0.2723,15,H2D
1668.2189,1670.5261,2.3072,13,kernel
1668.3894,1668.6553,0.2658,16,H2D
1670.4284,1670.6358,0.2074,14,kernel
1670.6296,1672.8871,2.2575,15,kernel
1670.6466,1670.8868,0.2402,14,D2H
1671.8214,1672.0873,0.2658,14,H2D
1672.7960,1675.0276,2.2316,16,kernel
1674.9376,1675.1402,0.2027,13,kernel
1675.1341,1677.3299,2.1957,14,kernel
1675.1422,1675.3824,0.2402,13,D2H
1676.5225,1676.7827,0.2602,13,H2D
1677.2311,1677.4329,0.2018,15,kernel
1677.4268,1677.5898,0.1630,16,kernel
1677.4350,1677.6752,0.2402,15,D2H
1677.5836,1679.7809,2.1973,13,kernel
1677.6795,1677.9196,0.2401,16,D2H
1679.6796,1679.8822,0.2026,14,kernel
1679.8761,1680.0382,0.1621,13,kernel
1679.8908,1680.1311,0.2403,14,D2H
1680.1363,1680.3765,0.2402,13,D2H
1683.3590,1683.6173,0.2582,15,H2D
1683.6228,1685.7903,2.1674,15,kernel
1685.7910,1685.9520,0.1610,15,kernel
1685.9577,1686.1977,0.2400,15,D2H
1692.6023,1692.8663,0.2640,13,H2D
1692.8689,1693.1440,0.2751,14,H2D
1692.8775,1695.0291,2.1516,13,kernel
1693.1470,1693.4226,0.2756,15,H2D
1693.4254,1693.6989,0.2736,16,H2D
1694.9425,1697.1204,2.1778,14,kernel
1697.0345,1699.2102,2.1757,15,kernel
1699.1228,1701.3007,2.1778,16,kernel
1701.2136,1701.4122,0.1986,13,kernel
1701.4057,1701.5654,0.1597,14,kernel
1701.4202,1701.6606,0.2403,13,D2H
1701.5593,1701.7187,0.1594,15,kernel
1701.6646,1701.9048,0.2402,14,D2H
1701.7125,1701.8717,0.1592,16,kernel
1701.9096,1702.1496,0.2400,15,D2H
1702.1540,1702.3941,0.2401,16,D2H
1705.8397,1706.1039,0.2642,13,H2D
1706.1057,1706.3822,0.2765,14,H2D
1706.1093,1708.2466,2.1373,13,kernel
1706.3853,1706.6607,0.2754,15,H2D
1706.6638,1706.9380,0.2742,16,H2D
1708.1612,1710.3391,2.1779,14,kernel
1710.2542,1712.4298,2.1755,15,kernel
1712.3430,1714.5217,2.1787,16,kernel
1714.4314,1714.6305,0.1991,13,kernel
1714.6244,1714.7841,0.1597,14,kernel
1714.6388,1714.8791,0.2403,13,D2H
1714.7780,1714.9378,0.1598,15,kernel
1714.8834,1715.1237,0.2403,14,D2H
1714.9315,1715.0908,0.1593,16,kernel
1715.1279,1715.3679,0.2400,15,D2H
1715.3730,1715.6131,0.2401,16,D2H
1719.0658,1719.3251,0.2593,13,H2D
1719.3299,1721.4520,2.1221,13,kernel
1721.4526,1721.6101,0.1574,13,kernel
1721.6187,1721.8588,0.2401,13,D2H
1722.3895,1722.6488,0.2593,14,H2D
1722.6558,1724.7963,2.1406,14,kernel
1724.1966,1724.4679,0.2714,13,H2D
1724.4719,1724.7486,0.2767,15,H2D
1724.7059,1726.8821,2.1762,13,kernel
1724.7515,1725.0268,0.2753,16,H2D
1726.7968,1728.9784,2.1816,15,kernel
1728.8860,1729.0858,0.1997,14,kernel
1729.0797,1731.2184,2.1387,16,kernel
1729.0876,1729.3277,0.2401,14,D2H
1730.6748,1730.9407,0.2659,14,H2D
1731.1325,1731.3296,0.1971,13,kernel
1731.3235,1731.4829,0.1594,15,kernel
1731.3410,1731.5812,0.2402,13,D2H
1731.4768,1733.6211,2.1443,14,kernel
1731.5853,1731.8255,0.2402,15,D2H
1733.5278,1733.7264,0.1986,16,kernel
1733.7200,1733.8788,0.1589,14,kernel
1733.7312,1733.9936,0.2624,16,D2H
1733.8943,1734.2041,0.3098,13,H2D
1734.0036,1734.2898,0.2862,14,D2H
1734.2083,1736.3477,2.1394,13,kernel
1735.2351,1735.5020,0.2669,15,H2D
1736.2583,1738.5095,2.2512,15,kernel
1738.4142,1738.6211,0.2069,13,kernel
1738.6146,1738.7803,0.1657,15,kernel
1738.6248,1738.8651,0.2403,13,D2H
1738.8692,1739.1095,0.2403,15,D2H
1739.2080,1739.4667,0.2587,14,H2D
1739.4746,1741.6925,2.2178,14,kernel
1741.6932,1741.8575,0.1643,14,kernel
1741.8658,1742.1059,0.2401,14,D2H
1745.5577,1745.8177,0.2600,13,H2D
1745.8264,1748.0454,2.2190,13,kernel
1748.0461,1748.2105,0.1644,13,kernel
1748.2117,1748.4518,0.2401,13,D2H
1749.1714,1749.4305,0.2591,14,H2D
1749.4355,1751.6635,2.2280,14,kernel
1751.0390,1751.3100,0.2710,13,H2D
1751.3128,1751.5887,0.2758,15,H2D
1751.5747,1753.8510,2.2763,13,kernel
1751.5914,1751.8605,0.2691,16,H2D
1753.7571,1756.0165,2.2595,15,kernel
1755.9183,1756.1237,0.2054,14,kernel
1756.1176,1758.3334,2.2159,16,kernel
1756.1253,1756.3654,0.2401,14,D2H
1757.1700,1757.4408,0.2708,14,H2D
1758.2332,1758.4400,0.2068,13,kernel
1758.4337,1758.5978,0.1641,15,kernel
1758.4449,1758.6855,0.2406,13,D2H
1758.5917,1760.8085,2.2168,14,kernel
1758.6897,1758.9298,0.2402,15,D2H
1760.7090,1760.9137,0.2048,16,kernel
1760.9073,1761.0713,0.1641,14,kernel
1760.9156,1761.1559,0.2403,16,D2H
1761.1603,1761.4006,0.2403,14,D2H
1766.3271,1766.5866,0.2595,13,H2D
1766.5967,1768.7903,2.1936,13,kernel
1768.7911,1768.9543,0.1632,13,kernel
1768.8703,1769.1650,0.2948,14,H2D
1768.9571,1769.2739,0.3168,13,D2H
1769.1684,1769.4523,0.2838,15,H2D
1769.1707,1771.3779,2.2071,14,kernel
1769.4549,1769.7225,0.2677,16,H2D
1771.2921,1773.5456,2.2535,15,kernel
1773.4505,1775.6873,2.2367,16,kernel
1773.6829,1773.9438,0.2609,13,H2D
1775.5940,1775.7961,0.2021,14,kernel
1775.7898,1775.9524,0.1627,15,kernel
1775.8084,1776.0489,0.2405,14,D2H
1775.9464,1778.1374,2.1910,13,kernel
1776.0530,1776.2932,0.2402,15,D2H
1778.0445,1778.2467,0.2022,16,kernel
1778.2402,1778.4024,0.1622,13,kernel
1778.2548,1778.4951,0.2403,16,D2H
1778.4995,1778.7397,0.2402,13,D2H
1781.1419,1781.3998,0.2579,14,H2D
1781.4075,1783.5778,2.1703,14,kernel
1783.5786,1783.7395,0.1609,14,kernel
1783.7421,1783.9821,0.2401,14,D2H
1784.1059,1784.3760,0.2701,13,H2D
1784.3842,1786.5729,2.1887,13,kernel
1785.0973,1785.3697,0.2724,14,H2D
1785.3731,1785.6478,0.2747,15,H2D
1785.6505,1785.9230,0.2726,16,H2D
1786.4805,1788.7097,2.2292,14,kernel
1788.6165,1790.8416,2.2252,15,kernel
1790.7548,1792.9839,2.2291,16,kernel
1792.8901,1793.0926,0.2025,13,kernel
1793.0860,1793.2494,0.1634,14,kernel
1793.0973,1793.3375,0.2402,13,D2H
1793.2428,1793.4054,0.1627,15,kernel
1793.3416,1793.5819,0.2403,14,D2H
1793.3993,1793.5618,0.1625,16,kernel
1793.5870,1793.8271,0.2401,15,D2H
1793.8316,1794.0716,0.2401,16,D2H
1796.8358,1797.0964,0.2607,13,H2D
1797.1041,1799.3761,2.2720,13,kernel
1799.3770,1799.5448,0.1678,13,kernel
1799.5465,1799.7867,0.2402,13,D2H
1800.3595,1800.6184,0.2589,14,H2D
1800.6232,1802.9106,2.2873,14,kernel
1802.4263,1802.6977,0.2713,13,H2D
1802.7004,1802.9808,0.2803,15,H2D
1802.8156,1805.1454,2.3298,13,kernel
1802.9837,1803.2507,0.2670,16,H2D
1805.0463,1805.2566,0.2102,14,kernel
1805.2503,1807.5370,2.2867,15,kernel
1805.2608,1805.5010,0.2402,14,D2H
1806.2264,1806.4930,0.2666,14,H2D
1807.4422,1809.7706,2.3284,16,kernel
1809.6717,1809.8841,0.2124,13,kernel
1809.8775,1812.1688,2.2913,14,kernel
1809.8895,1810.1297,0.2402,13,D2H
1811.0714,1811.3324,0.2610,13,H2D
1812.0641,1812.2792,0.2151,15,kernel
1812.2725,1812.4421,0.1696,16,kernel
1812.2847,1812.5254,0.2406,15,D2H
1812.4358,1814.7271,2.2913,13,kernel
1812.5297,1812.7699,0.2402,16,D2H
1813.9546,1814.2226,0.2680,15,H2D
1814.2254,1814.4929,0.2675,16,H2D
1814.6285,1814.8440,0.2155,14,kernel
1814.8375,1817.2139,2.3765,15,kernel
1814.8461,1815.0866,0.2404,14,D2H
1816.2025,1816.4711,0.2686,14,H2D
1817.1170,1819.5485,2.4315,16,kernel
1819.4512,1819.6727,0.2215,13,kernel
1819.6659,1822.0648,2.3989,14,kernel
1819.6754,1819.9157,0.2403,13,D2H
1821.2836,1821.5575,0.2739,13,H2D
1821.9597,1822.1793,0.2196,15,kernel
1822.1726,1822.3499,0.1774,16,kernel
1822.1889,1822.4292,0.2402,15,D2H
1822.3432,1824.7446,2.4015,13,kernel
1822.4335,1822.6737,0.2402,16,D2H
1824.6367,1824.8579,0.2211,14,kernel
1824.8513,1825.0281,0.1768,13,kernel
1824.8632,1825.1035,0.2403,14,D2H
1825.1079,1825.3907,0.2828,13,D2H
1825.2041,1825.4961,0.2920,15,H2D
1825.5031,1827.8836,2.3805,15,kernel
1827.8844,1828.0598,0.1755,15,kernel
1828.0684,1828.3085,0.2401,15,D2H
1833.1401,1833.4078,0.2677,14,H2D
1833.4120,1835.8076,2.3956,14,kernel
1834.3025,1834.5818,0.2794,13,H2D
1834.5846,1834.8593,0.2748,15,H2D
1834.8625,1835.1358,0.2733,16,H2D
1835.7094,1838.1423,2.4329,13,kernel
1838.0463,1840.4854,2.4391,15,kernel
1840.3865,1842.8316,2.4450,16,kernel
1842.7242,1842.9459,0.2216,14,kernel
1842.9391,1843.1169,0.1778,13,kernel
1842.9490,1843.1896,0.2406,14,D2H
1843.1097,1843.2870,0.1773,15,kernel
1843.1938,1843.4346,0.2407,13,D2H
1843.2805,1843.4571,0.1767,16,kernel
1843.4389,1843.6791,0.2402,15,D2H
1843.6836,1843.9238,0.2402,16,D2H
1846.6647,1846.9239,0.2592,14,H2D
1846.9309,1849.3091,2.3782,14,kernel
1849.3099,1849.4856,0.1757,14,kernel
1849.4883,1849.7285,0.2402,14,D2H
1850.9999,1851.2571,0.2572,13,H2D
1851.2654,1853.6603,2.3949,13,kernel
1851.9154,1852.1861,0.2707,14,H2D
1852.1892,1852.4676,0.2784,15,H2D
1852.4707,1852.7509,0.2802,16,H2D
1853.5632,1855.9786,2.4154,14,kernel
1855.8837,1858.2093,2.3256,15,kernel
1858.1160,1860.4458,2.3298,16,kernel
1860.3495,1860.5602,0.2107,13,kernel
1860.5533,1860.7233,0.1700,14,kernel
1860.5651,1860.8053,0.2402,13,D2H
1860.7169,1860.8866,0.1697,15,kernel
1860.8096,1861.0498,0.2402,14,D2H
1860.8798,1861.0487,0.1689,16,kernel
1861.0539,1861.2941,0.2402,15,D2H
1861.2986,1861.5388,0.2402,16,D2H
1864.7610,1865.0259,0.2649,13,H2D
1865.0277,1865.3012,0.2735,14,H2D
1865.0299,1867.3153,2.2854,13,kernel
1865.3046,1865.5785,0.2739,15,H2D
1865.5811,1865.8532,0.2721,16,H2D
1867.2210,1869.5460,2.3250,14,kernel
1869.4545,1871.7763,2.3217,15,kernel
1871.6856,1874.0106,2.3250,16,kernel
1873.9165,1874.1280,0.2115,13,kernel
1874.1216,1874.2914,0.1698,14,kernel
1874.1356,1874.3762,0.2406,13,D2H
1874.2849,1874.4546,0.1697,15,kernel
1874.3805,1874.6207,0.2402,14,D2H
1874.4480,1874.6172,0.1692,16,kernel
1874.6249,1874.8650,0.2401,15,D2H
1874.8695,1875.1097,0.2402,16,D2H
1878.4901,1878.7490,0.2589,13,H2D
1878.7580,1881.0009,2.2428,13,kernel
1881.0016,1881.1679,0.1663,13,kernel
1881.1769,1881.4171,0.2402,13,D2H
1881.7764,1882.0364,0.2599,14,H2D
1882.0407,1884.2893,2.2487,14,kernel
1884.2900,1884.4567,0.1667,14,kernel
1884.4064,1884.7100,0.3036,13,H2D
1884.4591,1884.7777,0.3186,14,D2H
1884.7140,1884.9892,0.2753,15,H2D
1884.7239,1886.9857,2.2618,13,kernel
1884.9918,1885.2576,0.2658,16,H2D
1885.6927,1885.9660,0.2733,14,H2D
1886.8881,1889.1895,2.3014,15,kernel
1889.0986,1891.3954,2.2968,16,kernel
1891.3030,1893.6076,2.3046,14,kernel
1893.5050,1893.7170,0.2121,13,kernel
1893.7105,1893.8781,0.1676,15,kernel
1893.7252,1893.9655,0.2403,13,D2H
1893.8720,1894.0397,0.1677,16,kernel
1893.9706,1894.2108,0.2402,15,D2H
1894.0333,1894.2004,0.1672,14,kernel
1894.2151,1894.4553,0.2402,16,D2H
1894.4598,1894.6999,0.2402,14,D2H
1903.1321,1903.3912,0.2591,13,H2D
1903.4001,1905.6602,2.2601,13,kernel
1904.6525,1904.9234,0.2708,14,H2D
1904.9264,1905.2129,0.2865,15,H2D
1905.2160,1905.4938,0.2778,16,H2D
1905.5665,1907.8641,2.2976,14,kernel
1907.7744,1910.0669,2.2924,15,kernel
1909.9788,1912.2781,2.2994,16,kernel
1912.1840,1912.3939,0.2099,13,kernel
1912.3874,1912.5552,0.1677,14,kernel
1912.3968,1912.6372,0.2404,13,D2H
1912.5487,1912.7166,0.1679,15,kernel
1912.6412,1912.8814,0.2403,14,D2H
1912.7102,1912.8775,0.1673,16,kernel
1912.8857,1913.1258,0.2401,15,D2H
1913.1302,1913.3704,0.2402,16,D2H
1917.4308,1917.6905,0.2597,13,H2D
1917.6968,1919.8911,2.1943,13,kernel
1919.8918,1920.0543,0.1625,13,kernel
1920.0563,1920.2964,0.2401,13,D2H
1920.7761,1921.0357,0.2596,14,H2D
1921.0429,1923.2406,2.1977,14,kernel
1923.2414,1923.4040,0.1627,14,kernel
1923.4085,1923.6579,0.2494,14,D2H
1923.6436,1923.9104,0.2667,13,H2D
1923.9164,1926.1245,2.2081,13,kernel
1924.7918,1925.0626,0.2708,14,H2D
1925.0657,1925.3412,0.2754,15,H2D
1925.3438,1925.6169,0.2731,16,H2D
1926.0381,1928.2829,2.2448,14,kernel
1928.1954,1930.4448,2.2494,15,kernel
1930.3564,1932.6090,2.2526,16,kernel
1932.5155,1932.7202,0.2047,13,kernel
1932.7140,1932.8789,0.1650,14,kernel
1932.7254,1932.9656,0.2402,13,D2H
1932.8724,1933.0371,0.1647,15,kernel
1932.9706,1933.2107,0.2401,14,D2H
1933.0307,1933.1946,0.1638,16,kernel
1933.2148,1933.4549,0.2401,15,D2H
1933.4593,1933.6994,0.2401,16,D2H
1936.3170,1936.5761,0.2591,13,H2D
1936.5859,1938.8111,2.2252,13,kernel
1937.0285,1937.2987,0.2702,14,H2D
1937.3014,1937.5747,0.2732,15,H2D
1937.5774,1937.8536,0.2762,16,H2D
1938.7128,1941.0087,2.2959,14,kernel
1940.9190,1943.2185,2.2995,15,kernel
1943.1239,1945.4296,2.3058,16,kernel
1945.3328,1945.5416,0.2088,13,kernel
1945.5348,1945.7029,0.1681,14,kernel
1945.5491,1945.7893,0.2402,13,D2H
1945.6965,1945.8644,0.1679,15,kernel
1945.7936,1946.0339,0.2403,14,D2H
1945.8580,1946.0250,0.1669,16,kernel
1946.0380,1946.2781,0.2401,15,D2H
1946.2825,1946.5227,0.2402,16,D2H
1949.2616,1949.5272,0.2657,13,H2D
1949.5302,1949.8054,0.2752,14,H2D
1949.5314,1951.7921,2.2607,13,kernel
1949.8080,1950.0928,0.2848,15,H2D
1950.0959,1950.3702,0.2743,16,H2D
1951.6969,1953.9974,2.3005,14,kernel
1953.9029,1956.1956,2.2927,15,kernel
1956.1075,1958.3614,2.2539,16,kernel
1958.2662,1958.4706,0.2044,13,kernel
1958.4645,1958.6295,0.1651,14,kernel
1958.4744,1958.7147,0.2403,13,D2H
1958.6229,1958.7871,0.1642,15,kernel
1958.7192,1958.9593,0.2402,14,D2H
1958.7809,1958.9448,0.1639,16,kernel
1958.9634,1959.2035,0.2401,15,D2H
1959.2080,1959.4481,0.2401,16,D2H
1966.9314,1967.1965,0.2651,13,H2D
1967.1990,1967.4761,0.2771,14,H2D
1967.2097,1969.4184,2.2087,13,kernel
1967.4800,1967.7539,0.2739,15,H2D
1967.7568,1968.0303,0.2736,16,H2D
1969.3302,1971.5794,2.2492,14,kernel
1971.4879,1973.7354,2.2476,15,kernel
1973.6465,1975.8998,2.2533,16,kernel
1975.8074,1976.0081,0.2007,13,kernel
1976.0021,1976.1622,0.1601,14,kernel
1976.0096,1976.2497,0.2402,13,D2H
1976.1560,1976.3158,0.1599,15,kernel
1976.2537,1976.4938,0.2401,14,D2H
1976.3095,1976.4684,0.1590,16,kernel
1976.4979,1976.7379,0.2400,15,D2H
1976.7434,1976.9835,0.2401,16,D2H
1979.9742,1980.2333,0.2592,13,H2D
1980.2423,1982.3658,2.1236,13,kernel
1982.2199,1982.4862,0.2663,14,H2D
1982.3698,1982.5298,0.1600,13,kernel
1982.4880,1982.7982,0.3102,15,H2D
1982.5236,1984.6636,2.1400,14,kernel
1982.5349,1982.8535,0.3187,13,D2H
1982.8018,1983.0771,0.2754,16,H2D
1983.4834,1983.7566,0.2731,13,H2D
1984.5768,1986.7562,2.1795,15,kernel
1986.6682,1988.8457,2.1775,16,kernel
1988.7598,1990.9463,2.1866,13,kernel
1990.8516,1991.0488,0.1972,14,kernel
1991.0427,1991.2022,0.1595,15,kernel
1991.0545,1991.2948,0.2403,14,D2H
1991.1964,1991.3561,0.1597,16,kernel
1991.2990,1991.5392,0.2402,15,D2H
1991.3497,1991.5085,0.1588,13,kernel
1991.5437,1991.7838,0.2400,16,D2H
1991.7883,1992.0284,0.2401,13,D2H
1993.7735,1994.0313,0.2578,14,H2D
1994.0350,1996.1564,2.1214,14,kernel
1996.1571,1996.3148,0.1577,14,kernel
1996.3197,1996.5597,0.2400,14,D2H
1997.6307,1997.8906,0.2599,13,H2D
1997.8988,2000.1811,2.2823,13,kernel
1998.3527,1998.6239,0.2712,14,H2D
1998.6269,1998.9022,0.2753,15,H2D
1998.9047,1999.1789,0.2742,16,H2D
2000.0906,2002.4133,2.3226,14,kernel
2002.3225,2004.6518,2.3292,15,kernel
2004.5537,2006.8858,2.3320,16,kernel
2006.7887,2006.9986,0.2099,13,kernel
2006.9921,2007.1619,0.1698,14,kernel
2007.0030,2007.2433,0.2402,13,D2H
2007.1555,2007.3252,0.1696,15,kernel
2007.2474,2007.4880,0.2405,14,D2H
2007.3187,2007.4875,0.1688,16,kernel
2007.4920,2007.7321,0.2401,15,D2H
2007.7366,2007.9768,0.2402,16,D2H
2011.4176,2011.6767,0.2591,13,H2D
2011.6813,2013.9481,2.2668,13,kernel
2013.9490,2014.1166,0.1677,13,kernel
2014.1260,2014.3661,0.2401,13,D2H
2015.2031,2015.4626,0.2595,14,H2D
2015.4689,2017.7330,2.2640,14,kernel
2017.3627,2017.6329,0.2703,13,H2D
2017.6358,2017.9081,0.2723,15,H2D
2017.6456,2019.9244,2.2788,13,kernel
2017.9107,2018.1785,0.2678,16,H2D
2019.8274,2020.0326,0.2052,14,kernel
2020.0263,2022.2573,2.2311,15,kernel
2020.0392,2020.2793,0.2401,14,D2H
2021.1628,2021.4302,0.2674,14,H2D
2022.1674,2024.4498,2.2824,16,kernel
2024.3494,2024.5563,0.2069,13,kernel
2024.5496,2026.7823,2.2327,14,kernel
2024.5634,2024.8036,0.2402,13,D2H
2025.5880,2025.8485,0.2605,13,H2D
2026.6911,2026.8976,0.2064,15,kernel
2026.8915,2027.0576,0.1661,16,kernel
2026.9063,2027.1466,0.2403,15,D2H
2027.0512,2029.2923,2.2411,13,kernel
2027.1510,2027.3912,0.2402,16,D2H
2028.7861,2029.0522,0.2661,15,H2D
2029.1931,2029.3985,0.2054,14,kernel
2029.3922,2031.6276,2.2354,15,kernel
2029.4029,2029.6874,0.2845,14,D2H
2029.4942,2029.7900,0.2958,16,H2D
2030.5849,2030.8523,0.2674,14,H2D
2031.5333,2031.7398,0.2064,13,kernel
2031.7333,2033.9653,2.2320,16,kernel
2031.7461,2031.9903,0.2442,13,D2H
2033.8428,2034.1042,0.2615,13,H2D
2033.8721,2036.1514,2.2792,14,kernel
2036.0521,2036.2588,0.2067,15,kernel
2036.2523,2036.4183,0.1660,16,kernel
2036.2631,2036.5036,0.2404,15,D2H
2036.4122,2038.6493,2.2371,13,kernel
2036.5078,2036.7479,0.2402,16,D2H
2038.5524,2038.7585,0.2061,14,kernel
2038.7520,2038.9175,0.1654,13,kernel
2038.7692,2039.0099,0.2407,14,D2H
2039.0141,2039.2542,0.2402,13,D2H
2040.1758,2040.4339,0.2581,15,H2D
2040.4441,2042.8810,2.4369,15,kernel
2042.8818,2043.0616,0.1798,15,kernel
2043.0687,2043.3089,0.2402,15,D2H
2048.6245,2048.8917,0.2672,13,H2D
2048.8948,2049.1710,0.2763,14,H2D
2048.8955,2051.3537,2.4582,13,kernel
2049.1739,2049.4489,0.2750,15,H2D
2049.4519,2049.7242,0.2722,16,H2D
2051.2543,2053.7541,2.4998,14,kernel
2053.6581,2056.1657,2.5076,15,kernel
2056.0612,2058.5530,2.4919,16,kernel
2058.4561,2058.6690,0.2130,13,kernel
2058.6624,2058.8343,0.1719,14,kernel
2058.6715,2058.9117,0.2402,13,D2H
2058.8279,2058.9991,0.1712,15,kernel
2058.9160,2059.1565,0.2404,14,D2H
2058.9927,2059.1637,0.1710,16,kernel
2059.1615,2059.4016,0.2401,15,D2H
2059.4062,2059.6464,0.2402,16,D2H
2062.7333,2062.9935,0.2602,13,H2D
2063.0012,2065.2943,2.2931,13,kernel
2065.2951,2065.4647,0.1696,13,kernel
2065.4672,2065.7073,0.2402,13,D2H
2067.4127,2067.6727,0.2601,14,H2D
2067.6795,2069.9930,2.3135,14,kernel
2068.8177,2069.0894,0.2716,13,H2D
2069.0925,2069.3709,0.2784,15,H2D
2069.3740,2069.6464,0.2723,16,H2D
2069.8967,2072.2461,2.3494,13,kernel
2072.1540,2074.5055,2.3516,15,kernel
2074.4121,2076.7623,2.3502,16,kernel
2076.6706,2076.8845,0.2140,14,kernel
2076.8777,2077.0479,0.1702,13,kernel
2076.8865,2077.1267,0.2402,14,D2H
2077.0414,2077.2112,0.1698,15,kernel
2077.1310,2077.3712,0.2403,13,D2H
2077.2046,2077.3729,0.1683,16,kernel
2077.3869,2077.6270,0.2401,15,D2H
2077.6314,2077.8715,0.2401,16,D2H
2079.5172,2079.7765,0.2593,14,H2D
2079.7831,2082.0265,2.2433,14,kernel
2081.8962,2082.1629,0.2667,13,H2D
2082.0273,2082.1966,0.1693,14,kernel
2082.1666,2082.4762,0.3097,15,H2D
2082.1900,2084.4475,2.2575,13,kernel
2082.2047,2082.5243,0.3195,14,D2H
2082.4797,2082.7513,0.2716,16,H2D
2083.3244,2083.5961,0.2717,14,H2D
2084.3562,2086.6528,2.2966,15,kernel
2086.5634,2088.8621,2.2988,16,kernel
2088.7670,2091.0656,2.2985,14,kernel
2090.9734,2091.1820,0.2087,13,kernel
2091.1758,2091.3433,0.1676,15,kernel
2091.1931,2091.4335,0.2403,13,D2H
2091.3371,2091.5055,0.1684,16,kernel
2091.4377,2091.6779,0.2402,15,D2H
2091.4986,2091.6657,0.1671,14,kernel
2091.6822,2091.9223,0.2401,16,D2H
2091.9268,2092.1669,0.2401,14,D2H
2095.1748,2095.4323,0.2575,13,H2D
2095.4377,2097.6994,2.2617,13,kernel
2096.5242,2096.7945,0.2703,14,H2D
2096.7978,2097.0716,0.2738,15,H2D
2097.0743,2097.3471,0.2728,16,H2D
2097.6010,2099.9395,2.3386,14,kernel
2099.8491,2102.2014,2.3523,15,kernel
2102.1061,2104.4717,2.3656,16,kernel
2104.3635,2104.5786,0.2151,13,kernel
2104.5721,2104.7441,0.1720,14,kernel
2104.5848,2104.8256,0.2408,13,D2H
2104.7375,2104.9093,0.1718,15,kernel
2104.8299,2105.0705,0.2406,14,D2H
2104.9025,2105.0732,0.1707,16,kernel
2105.0753,2105.3155,0.2402,15,D2H
2105.3202,2105.5604,0.2402,16,D2H
2108.3771,2108.6368,0.2597,13,H2D
2108.6450,2110.9563,2.3113,13,kernel
2110.3176,2110.5883,0.2707,14,H2D
2110.5922,2110.8737,0.2816,15,H2D
2110.8611,2113.2171,2.3560,14,kernel
2110.8768,2111.1455,0.2687,16,H2D
2113.1179,2115.4803,2.3624,15,kernel
2115.3762,2115.5905,0.2143,13,kernel
2115.5840,2117.8992,2.3152,16,kernel
2115.5926,2115.8328,0.2402,13,D2H
2116.4799,2116.7409,0.2611,13,H2D
2117.8021,2118.0124,0.2103,14,kernel
2118.0055,2118.1749,0.1694,15,kernel
2118.0144,2118.2547,0.2403,14,D2H
2118.1689,2120.4614,2.2925,13,kernel
2118.2588,2118.4990,0.2402,15,D2H
2120.3593,2120.5716,0.2123,16,kernel
2120.5029,2120.8001,0.2973,14,H2D
2120.5649,2120.7346,0.1696,13,kernel
2120.5763,2120.8689,0.2927,16,D2H
2120.8098,2123.0942,2.2844,14,kernel
2120.8728,2121.1130,0.2402,13,D2H
2121.6971,2121.9673,0.2702,15,H2D
2123.0000,2125.3320,2.3320,15,kernel
2123.9810,2124.2481,0.2671,13,H2D
2124.2506,2124.5157,0.2651,16,H2D
2125.2309,2125.4409,0.2100,14,kernel
2125.4346,2127.7132,2.2785,13,kernel
2125.4526,2125.6927,0.2401,14,D2H
2126.8083,2127.0748,0.2665,14,H2D
2127.6243,2129.9535,2.3292,16,kernel
2129.8541,2130.0647,0.2106,15,kernel
2130.0584,2132.3524,2.2940,14,kernel
2130.0704,2130.3106,0.2402,15,D2H
2131.1944,2131.4658,0.2714,15,H2D
2132.2475,2132.4588,0.2113,13,kernel
2132.4524,2132.6225,0.1701,16,kernel
2132.4614,2132.7016,0.2402,13,D2H
2132.6155,2134.9029,2.2874,15,kernel
2132.7060,2132.9462,0.2402,16,D2H
2134.8035,2135.0160,0.2124,14,kernel
2135.0092,2135.1784,0.1691,15,kernel
2135.0227,2135.2631,0.2404,14,D2H
2135.2672,2135.5073,0.2401,15,D2H
2137.5144,2137.7740,0.2596,13,H2D
2137.7812,2140.0482,2.2669,13,kernel
2140.0490,2140.2163,0.1673,13,kernel
2140.2257,2140.4658,0.2402,13,D2H
2145.7013,2145.9624,0.2611,14,H2D
2145.9661,2148.4798,2.5137,14,kernel
2147.6799,2147.9513,0.2714,13,H2D
2147.9543,2148.2295,0.2753,15,H2D
2148.2326,2148.5040,0.2714,16,H2D
2148.3781,2150.9411,2.5630,13,kernel
2150.8357,2153.4015,2.5658,15,kernel
2153.2913,2153.5235,0.2323,14,kernel
2153.5167,2156.0341,2.5174,16,kernel
2153.5335,2153.7738,0.2403,14,D2H
2154.6855,2154.9516,0.2661,14,H2D
2155.9302,2156.1618,0.2316,13,kernel
2156.1546,2156.3407,0.1860,15,kernel
2156.1658,2156.4063,0.2405,13,D2H
2156.3337,2158.8543,2.5206,14,kernel
2156.4106,2156.6510,0.2404,15,D2H
2158.7425,2158.9673,0.2248,16,kernel
2158.9604,2159.1377,0.1773,14,kernel
2158.9725,2159.2128,0.2403,16,D2H
2159.2173,2159.4576,0.2403,14,D2H
2160.5765,2160.8343,0.2578,13,H2D
2160.8421,2163.2409,2.3988,13,kernel
2161.5599,2161.8295,0.2696,14,H2D
2161.8334,2162.1088,0.2754,15,H2D
2162.1121,2162.3856,0.2735,16,H2D
2163.1436,2165.5899,2.4462,14,kernel
2165.4873,2167.9291,2.4419,15,kernel
2167.8315,2170.2815,2.4500,16,kernel
2170.1795,2170.4001,0.2206,13,kernel
2170.3935,2170.5717,0.1782,14,kernel
2170.4026,2170.6432,0.2405,13,D2H
2170.5649,2170.7427,0.1778,15,kernel
2170.6475,2170.8877,0.2402,14,D2H
2170.7359,2170.9131,0.1771,16,kernel
2170.8928,2171.1333,0.2405,15,D2H
2171.1377,2171.3779,0.2402,16,D2H
2176.4938,2176.7584,0.2646,13,H2D
2176.7604,2177.0406,0.2802,14,H2D
2176.7628,2179.1409,2.3781,13,kernel
2177.0436,2177.3186,0.2751,15,H2D
2177.3223,2177.5945,0.2722,16,H2D
2179.0449,2181.4410,2.3961,14,kernel
2181.3435,2183.7387,2.3953,15,kernel
2183.6392,2186.0375,2.3983,16,kernel
2185.9336,2186.1503,0.2167,13,kernel
2186.1438,2186.3184,0.1746,14,kernel
2186.1550,2186.3953,0.2403,13,D2H
2186.3115,2186.4856,0.1741,15,kernel
2186.3996,2186.6399,0.2403,14,D2H
2186.4789,2186.6526,0.1737,16,kernel
2186.6440,2186.8842,0.2401,15,D2H
2186.8894,2187.1297,0.2402,16,D2H
2193.6239,2193.8830,0.2591,13,H2D
2193.8921,2196.2429,2.3508,13,kernel
2195.7162,2195.9841,0.2679,14,H2D
2195.9887,2196.2642,0.2755,15,H2D
2196.1469,2198.5416,2.3947,14,kernel
2196.2668,2196.5326,0.2658,16,H2D
2198.4420,2198.6593,0.2173,13,kernel
2198.6523,2200.8506,2.1984,15,kernel
2198.6647,2198.9049,0.2402,13,D2H
2200.7678,2202.9507,2.1830,16,kernel
2201.3995,2201.6720,0.2725,13,H2D
2202.8607,2203.0588,0.1981,14,kernel
2203.0529,2203.2124,0.1595,15,kernel
2203.0636,2203.3040,0.2404,14,D2H
2203.2065,2205.3525,2.1460,13,kernel
2203.3080,2203.5482,0.2402,15,D2H
2205.2621,2205.4593,0.1972,16,kernel
2205.4528,2205.6120,0.1591,13,kernel
2205.4628,2205.7032,0.2405,16,D2H
2205.7076,2205.9478,0.2402,13,D2H
2206.8721,2207.1314,0.2593,14,H2D
2207.1359,2209.2770,2.1411,14,kernel
2207.9262,2208.1970,0.2709,13,H2D
2208.2003,2208.4755,0.2753,15,H2D
2208.4784,2208.7519,0.2735,16,H2D
2209.1874,2211.3660,2.1787,13,kernel
2211.2811,2213.4565,2.1754,15,kernel
2213.3719,2215.5514,2.1794,16,kernel
2215.4600,2215.6603,0.2004,14,kernel
2215.6540,2215.8138,0.1599,13,kernel
2215.6627,2215.9027,0.2401,14,D2H
2215.8076,2215.9669,0.1593,15,kernel
2215.9070,2216.1471,0.2401,13,D2H
2215.9608,2216.1199,0.1590,16,kernel
2216.1512,2216.3912,0.2400,15,D2H
2216.3956,2216.6357,0.2401,16,D2H
2221.3491,2221.6118,0.2627,13,H2D
2221.6136,2221.8914,0.2778,14,H2D
2221.6183,2223.9078,2.2895,13,kernel
2221.8942,2222.1622,0.2681,15,H2D
2222.1651,2222.4312,0.2660,16,H2D
2223.8112,2226.1391,2.3279,14,kernel
2226.0441,2228.3660,2.3219,15,kernel
2228.2758,2230.6048,2.3290,16,kernel
2230.5074,2230.7191,0.2117,13,kernel
2230.7125,2230.8826,0.1700,14,kernel
2230.7225,2230.9628,0.2403,13,D2H
2230.8762,2231.0457,0.1695,15,kernel
2230.9670,2231.2074,0.2403,14,D2H
2231.0391,2231.2084,0.1693,16,kernel
2231.2123,2231.4531,0.2407,15,D2H
2231.4590,2231.6991,0.2402,16,D2H
2236.9188,2237.1783,0.2595,13,H2D
2237.1878,2239.4579,2.2701,13,kernel
2239.4587,2239.6261,0.1675,13,kernel
2239.6282,2239.8683,0.2402,13,D2H
2240.2409,2240.4990,0.2581,14,H2D
2240.5066,2242.7626,2.2560,14,kernel
2241.4895,2241.7494,0.2599,13,H2D
2242.6742,2244.9557,2.2815,13,kernel
2244.8544,2245.0629,0.2085,14,kernel
2245.0562,2245.2218,0.1656,13,kernel
2245.0651,2245.3270,0.2619,14,D2H
2245.2305,2245.5402,0.3097,15,H2D
2245.3376,2245.6488,0.3112,13,D2H
2245.5440,2245.8216,0.2777,16,H2D
2245.5506,2247.7859,2.2353,15,kernel
2246.6256,2246.8921,0.2665,14,H2D
2247.4474,2247.7229,0.2754,13,H2D
2247.6927,2249.9697,2.2769,16,kernel
2249.8752,2252.1479,2.2727,14,kernel
2252.0565,2254.3328,2.2762,13,kernel
2254.2370,2254.4439,0.2068,15,kernel
2254.4372,2254.6031,0.1659,16,kernel
2254.4463,2254.6868,0.2405,15,D2H
2254.5970,2254.7631,0.1661,14,kernel
2254.6911,2254.9317,0.2406,16,D2H
2254.7566,2254.9220,0.1654,13,kernel
2254.9361,2255.1763,0.2401,14,D2H
2255.1804,2255.4205,0.2401,13,D2H
2260.4129,2260.6813,0.2683,15,H2D
2260.6891,2263.0015,2.3123,15,kernel
2263.0023,2263.1744,0.1722,15,kernel
2263.1786,2263.4188,0.2401,15,D2H
2271.9885,2272.2539,0.2653,13,H2D
2272.2565,2272.5321,0.2756,14,H2D
2272.2642,2274.6114,2.3472,13,kernel
2272.5349,2272.8101,0.2751,15,H2D
2272.8128,2273.0864,0.2737,16,H2D
2274.5190,2276.9093,2.3904,14,kernel
2276.8107,2279.2048,2.3942,15,kernel
2279.1042,2281.4391,2.3350,16,kernel
2281.3476,2281.5430,0.1954,13,kernel
2281.5367,2281.6939,0.1571,14,kernel
2281.5486,2281.7890,0.2404,13,D2H
2281.6880,2281.8447,0.1567,15,kernel
2281.7930,2282.0331,0.2401,14,D2H
2281.8386,2281.9949,0.1564,16,kernel
2282.0372,2282.2772,0.2400,15,D2H
2282.2817,2282.5217,0.2401,16,D2H
2285.4378,2285.7037,0.2659,13,H2D
2285.7062,2285.9833,0.2771,14,H2D
2285.7130,2287.8341,2.1210,13,kernel
2285.9865,2286.2628,0.2763,15,H2D
2286.2658,2286.5407,0.2750,16,H2D
2287.7461,2289.8987,2.1526,14,kernel
2289.8131,2291.9748,2.1616,15,kernel
2291.8855,2294.0475,2.1620,16,kernel
2293.9534,2294.1506,0.1973,13,kernel
2294.1447,2294.3027,0.1580,14,kernel
2294.1597,2294.3998,0.2402,13,D2H
2294.2967,2294.4548,0.1581,15,kernel
2294.4039,2294.6443,0.2404,14,D2H
2294.4486,2294.6065,0.1579,16,kernel
2294.6483,2294.8883,0.2400,15,D2H
2294.8928,2295.1329,0.2401,16,D2H
2297.6069,2297.8666,0.2597,13,H2D
2297.8758,2299.9929,2.1171,13,kernel
2298.3443,2298.6161,0.2718,14,H2D
2298.6193,2298.8955,0.2762,15,H2D
2298.8994,2299.1736,0.2742,16,H2D
2299.9050,2302.1215,2.2165,14,kernel
2302.0387,2304.2854,2.2467,15,kernel
2304.1960,2306.4489,2.2529,16,kernel
2306.3539,2306.5582,0.2043,13,kernel
2306.5518,2306.7165,0.1647,14,kernel
2306.5609,2306.8011,0.2402,13,D2H
2306.7102,2306.8747,0.1645,15,kernel
2306.8052,2307.0454,0.2402,14,D2H
2306.8685,2307.0320,0.1635,16,kernel
2307.0497,2307.2899,0.2402,15,D2H
2307.2944,2307.5345,0.2401,16,D2H
2314.4857,2314.7455,0.2597,13,H2D
2314.7510,2316.9590,2.2080,13,kernel
2315.3347,2315.6042,0.2695,14,H2D
2315.6083,2315.8835,0.2753,15,H2D
2315.8862,2316.1589,0.2727,16,H2D
2316.8714,2319.1238,2.2524,14,kernel
2319.0310,2321.2559,2.2249,15,kernel
2321.1703,2323.3151,2.1448,16,kernel
2323.2209,2323.4145,0.1936,13,kernel
2323.4084,2323.5651,0.1567,14,kernel
2323.4231,2323.6633,0.2402,13,D2H
2323.5593,2323.7165,0.1571,15,kernel
2323.6673,2323.9074,0.2401,14,D2H
2323.7100,2323.8662,0.1562,16,kernel
2323.9114,2324.1514,0.2400,15,D2H
2324.1557,2324.3958,0.2401,16,D2H
2327.0947,2327.3604,0.2657,13,H2D
2327.3629,2327.6384,0.2755,14,H2D
2327.3715,2329.4697,2.0983,13,kernel
2327.6416,2327.9161,0.2745,15,H2D
2327.9197,2328.1935,0.2738,16,H2D
2329.3817,2331.5186,2.1369,14,kernel
2331.4326,2333.5686,2.1360,15,kernel
2333.4819,2335.6197,2.1378,16,kernel
2335.5287,2335.7237,0.1950,13,kernel
2335.7177,2335.8743,0.1566,14,kernel
2335.7321,2335.9723,0.2402,13,D2H
2335.8684,2336.0250,0.1566,15,kernel
2335.9764,2336.2166,0.2402,14,D2H
2336.0188,2336.1746,0.1558,16,kernel
2336.2211,2336.4612,0.2400,15,D2H
2336.4656,2336.7057,0.2401,16,D2H
2339.3603,2339.6242,0.2639,13,H2D
2339.6271,2339.9033,0.2762,14,H2D
2339.6356,2341.7363,2.1007,13,kernel
2339.9060,2340.1805,0.2745,15,H2D
2340.1834,2340.4569,0.2736,16,H2D
2341.6458,2343.7967,2.1509,14,kernel
2343.7045,2346.0057,2.3012,15,kernel
2345.9088,2348.2173,2.3086,16,kernel
2348.1160,2348.3249,0.2090,13,kernel
2348.3184,2348.4867,0.1682,14,kernel
2348.3321,2348.5724,0.2402,13,D2H
2348.4803,2348.6482,0.1679,15,kernel
2348.5767,2348.8169,0.2402,14,D2H
2348.6418,2348.8087,0.1669,16,kernel
2348.8211,2349.0612,0.2401,15,D2H
2349.0656,2349.3058,0.2402,16,D2H
2352.2873,2352.5505,0.2631,13,H2D
2352.5534,2352.8298,0.2763,14,H2D
2352.5544,2354.8114,2.2570,13,kernel
2352.8325,2353.1068,0.2744,15,H2D
2353.1098,2353.3836,0.2738,16,H2D
2354.7204,2357.0217,2.3013,14,kernel
2356.9257,2359.2240,2.2982,15,kernel
2359.1328,2361.4383,2.3055,16,kernel
2361.3387,2361.5473,0.2086,13,kernel
2361.5410,2361.7089,0.1679,14,kernel
2361.5557,2361.7961,0.2404,13,D2H
2361.7025,2361.8705,0.1680,15,kernel
2361.8002,2362.0405,0.2402,14,D2H
2361.8641,2362.0313,0.1673,16,kernel
2362.0447,2362.2848,0.2401,15,D2H
2362.2898,2362.5300,0.2402,16,D2H
2365.0056,2365.2712,0.2656,13,H2D
2365.2743,2365.5509,0.2766,14,H2D
2365.2749,2367.5334,2.2585,13,kernel
2365.5541,2365.8292,0.2752,15,H2D
2365.8325,2366.1074,0.2748,16,H2D
2367.4386,2369.7406,2.3020,14,kernel
2369.6462,2371.9465,2.3004,15,kernel
2371.8519,2374.1477,2.2958,16,kernel
2374.0558,2374.2635,0.2077,13,kernel
2374.2571,2374.4254,0.1682,14,kernel
2374.2715,2374.5117,0.2402,13,D2H
2374.4185,2374.5864,0.1679,15,kernel
2374.5159,2374.7561,0.2402,14,D2H
2374.5799,2374.7467,0.1669,16,kernel
2374.7612,2375.0013,0.2401,15,D2H
2375.0058,2375.2460,0.2402,16,D2H
2378.3126,2378.5720,0.2593,13,H2D
2378.5796,2380.8396,2.2600,13,kernel
2379.1979,2379.4691,0.2712,14,H2D
2379.4725,2379.7467,0.2742,15,H2D
2379.7495,2380.0228,0.2733,16,H2D
2380.7409,2383.0790,2.3380,14,kernel
2382.9848,2385.3400,2.3551,15,kernel
2385.2445,2387.5990,2.3545,16,kernel
2387.5001,2387.7135,0.2135,13,kernel
2387.7070,2387.8787,0.1717,14,kernel
2387.7197,2387.9600,0.2403,13,D2H
2387.8720,2388.0441,0.1721,15,kernel
2387.9642,2388.2044,0.2402,14,D2H
2388.0370,2388.2077,0.1707,16,kernel
2388.2096,2388.4498,0.2402,15,D2H
2388.4542,2388.6944,0.2402,16,D2H
2391.3232,2391.5849,0.2618,13,H2D
2391.5867,2391.8483,0.2615,14,H2D
2391.5903,2393.9049,2.3146,13,kernel
2391.8508,2392.1171,0.2662,15,H2D
2393.0781,2393.3521,0.2740,16,H2D
2393.8095,2396.1610,2.3515,14,kernel
2396.0655,2398.4172,2.3517,15,kernel
2398.3245,2400.6895,2.3650,16,kernel
2400.5795,2400.7933,0.2137,13,kernel
2400.7869,2400.9587,0.1718,14,kernel
2400.8006,2401.0409,0.2403,13,D2H
2400.9521,2401.1238,0.1717,15,kernel
2401.0452,2401.2856,0.2403,14,D2H
2401.1170,2401.2880,0.1710,16,kernel
2401.2899,2401.5300,0.2402,15,D2H
2401.5346,2401.7748,0.2402,16,D2H
2404.1373,2404.3989,0.2616,13,H2D
2404.4033,2406.7158,2.3126,13,kernel
2405.4446,2405.7171,0.2725,14,H2D
2405.7201,2405.9955,0.2754,15,H2D
2405.9984,2406.2706,0.2722,16,H2D
2406.6189,2408.9704,2.3515,14,kernel
2408.8748,2411.2312,2.3564,15,kernel
2411.1333,2413.4884,2.3551,16,kernel
2413.3893,2413.6030,0.2137,13,kernel
2413.5966,2413.7685,0.1719,14,kernel
2413.6048,2413.8451,0.2402,13,D2H
2413.7618,2413.9333,0.1715,15,kernel
2413.8493,2414.0895,0.2402,14,D2H
2413.9266,2414.0979,0.1714,16,kernel
2414.0938,2414.3340,0.2402,15,D2H
2414.3393,2414.5794,0.2401,16,D2H
2417.8457,2418.1055,0.2598,13,H2D
2418.1123,2420.4063,2.2940,13,kernel
2420.4070,2420.5766,0.1696,13,kernel
2420.5782,2420.8184,0.2402,13,D2H
2422.0296,2422.2870,0.2574,14,H2D
2422.2940,2424.5993,2.3053,14,kernel
2422.9050,2423.1760,0.2711,13,H2D
2423.1793,2423.4534,0.2741,15,H2D
2423.4563,2423.7298,0.2735,16,H2D
2424.5091,2426.8618,2.3527,13,kernel
2426.7659,2429.1205,2.3546,15,kernel
2429.0232,2431.3798,2.3566,16,kernel
2431.2813,2431.4950,0.2138,14,kernel
2431.4883,2431.6599,0.1716,13,kernel
2431.4995,2431.7397,0.2401,14,D2H
2431.6531,2431.8245,0.1714,15,kernel
2431.7440,2431.9843,0.2403,13,D2H
2431.8180,2431.9887,0.1707,16,kernel
2431.9884,2432.2286,0.2402,15,D2H
2432.2331,2432.4733,0.2402,16,D2H
2437.0793,2437.3386,0.2593,14,H2D
2437.3444,2439.6378,2.2934,14,kernel
2439.6385,2439.8079,0.1694,14,kernel
2439.8103,2440.0548,0.2445,14,D2H
2440.0351,2440.2982,0.2631,13,H2D
2440.3060,2442.6142,2.3082,13,kernel
2442.2828,2442.5562,0.2734,14,H2D
2442.5597,2442.8284,0.2687,15,H2D
2442.5607,2444.8577,2.2970,14,kernel
2442.8311,2443.0979,0.2668,16,H2D
2444.7654,2444.9693,0.2039,13,kernel
2444.9631,2447.1683,2.2052,15,kernel
2444.9799,2445.2201,0.2402,13,D2H
2446.1212,2446.3903,0.2691,13,H2D
2447.0811,2449.3380,2.2570,16,kernel
2449.2383,2449.4442,0.2058,14,kernel
2449.4379,2451.6556,2.2178,13,kernel
2449.4493,2449.6894,0.2401,14,D2H
2450.4543,2450.7151,0.2608,14,H2D
2451.5583,2451.7616,0.2033,15,kernel
2451.7553,2451.9196,0.1643,16,kernel
2451.7673,2452.0074,0.2401,15,D2H
2451.9135,2454.1289,2.2153,14,kernel
2452.0118,2452.2519,0.2402,16,D2H
2454.0316,2454.2378,0.2062,13,kernel
2454.1171,2454.3999,0.2828,15,H2D
2454.2313,2454.3960,0.1647,14,kernel
2454.2454,2454.5224,0.2770,13,D2H
2454.4112,2456.6207,2.2095,15,kernel
2454.5262,2454.7662,0.2400,14,D2H
2454.9508,2455.2108,0.2600,16,H2D
2456.5292,2458.7830,2.2538,16,kernel
2458.2547,2458.5192,0.2645,13,H2D
2458.5217,2458.7889,0.2672,14,H2D
2458.6886,2458.8924,0.2038,15,kernel
2458.8864,2461.1028,2.2164,13,kernel
2458.8971,2459.1372,0.2401,15,D2H
2461.0055,2461.2095,0.2041,16,kernel
2461.2032,2463.5577,2.3545,14,kernel
2461.2182,2461.4583,0.2401,16,D2H
2463.4514,2463.6785,0.2270,13,kernel
2463.6715,2463.8531,0.1816,14,kernel
2463.6865,2463.9270,0.2405,13,D2H
2463.9311,2464.2262,0.2950,14,D2H
2464.0113,2464.3159,0.3047,15,H2D
2464.3203,2466.7623,2.4420,15,kernel
2466.7630,2466.9427,0.1797,15,kernel
2466.9501,2467.1903,0.2402,15,D2H
2471.7977,2472.0649,0.2672,13,H2D
2472.0679,2472.3437,0.2758,14,H2D
2472.0689,2474.5289,2.4599,13,kernel
2472.3473,2472.6220,0.2747,15,H2D
2472.6247,2472.8981,0.2734,16,H2D
2474.4283,2476.9390,2.5107,14,kernel
2476.8334,2479.3379,2.5044,15,kernel
2479.2382,2481.7452,2.5070,16,kernel
2481.6405,2481.8701,0.2296,13,kernel
2481.8632,2482.0455,0.1824,14,kernel
2481.8753,2482.1157,0.2404,13,D2H
2482.0387,2482.2167,0.1780,15,kernel
2482.1199,2482.3602,0.2402,14,D2H
2482.2101,2482.3868,0.1767,16,kernel
2482.3645,2482.6048,0.2402,15,D2H
2482.6093,2482.8495,0.2403,16,D2H
2485.6106,2485.8694,0.2588,13,H2D
2485.8781,2488.2753,2.3972,13,kernel
2487.3510,2487.6220,0.2710,14,H2D
2487.6248,2487.9003,0.2755,15,H2D
2487.9037,2488.1783,0.2746,16,H2D
2488.1773,2490.6187,2.4413,14,kernel
2490.5202,2492.9532,2.4329,15,kernel
2492.8624,2495.3087,2.4463,16,kernel
2495.2026,2495.4233,0.2207,13,kernel
2495.4164,2495.5942,0.1778,14,kernel
2495.4288,2495.6691,0.2403,13,D2H
2495.5873,2495.7647,0.1774,15,kernel
2495.6734,2495.9137,0.2403,14,D2H
2495.7582,2495.9350,0.1768,16,kernel
2495.9182,2496.1585,0.2403,15,D2H
2496.1632,2496.4034,0.2403,16,D2H
2499.7527,2500.0130,0.2602,13,H2D
2500.0223,2502.4143,2.3920,13,kernel
2501.3174,2501.5885,0.2711,14,H2D
2501.5913,2501.8675,0.2762,15,H2D
2501.8704,2502.1446,0.2742,16,H2D
2502.3195,2504.7102,2.3906,14,kernel
2504.6128,2507.0084,2.3956,15,kernel
2506.9072,2509.2945,2.3873,16,kernel
2509.1986,2509.4157,0.2171,13,kernel
2509.4091,2509.5832,0.1741,14,kernel
2509.4231,2509.6635,0.2404,13,D2H
2509.5766,2509.7508,0.1741,15,kernel
2509.6677,2509.9080,0.2403,14,D2H
2509.7439,2509.9173,0.1733,16,kernel
2509.9122,2510.1524,0.2402,15,D2H
2510.1569,2510.3971,0.2402,16,D2H
2513.6183,2513.8781,0.2598,13,H2D
2513.8880,2516.2205,2.3326,13,kernel
2516.2214,2516.3950,0.1736,13,kernel
2516.2448,2516.5255,0.2807,14,H2D
2516.4031,2516.7199,0.3167,13,D2H
2516.5290,2516.8341,0.3051,15,H2D
2516.5360,2518.8866,2.3506,14,kernel
2516.8371,2517.1052,0.2681,16,H2D
2518.0085,2518.2822,0.2737,13,H2D
2518.7896,2521.1754,2.3858,15,kernel
2521.0788,2523.4375,2.3588,16,kernel
2523.3462,2525.6767,2.3306,13,kernel
2525.5766,2525.7888,0.2122,14,kernel
2525.7819,2525.9518,0.1699,15,kernel
2525.7953,2526.0356,0.2403,14,D2H
2525.9454,2526.1148,0.1694,16,kernel
2526.0398,2526.2802,0.2404,15,D2H
2526.1084,2526.2776,0.1692,13,kernel
2526.2846,2526.5247,0.2401,16,D2H
2526.5292,2526.7695,0.2402,13,D2H
2529.8560,2530.1153,0.2593,14,H2D
2530.1218,2532.3884,2.2666,14,kernel
2532.3892,2532.5570,0.1677,14,kernel
2532.5634,2532.8035,0.2401,14,D2H
2533.9726,2534.2322,0.2596,13,H2D
2534.2405,2536.5264,2.2859,13,kernel
2535.9690,2536.2495,0.2805,14,H2D
2536.2526,2536.5348,0.2822,15,H2D
2536.4288,2538.7616,2.3328,14,kernel
2536.5375,2536.8177,0.2802,16,H2D
2538.6598,2538.8721,0.2122,13,kernel
2538.8657,2541.1480,2.2823,15,kernel
2538.8779,2539.1181,0.2402,13,D2H
2540.4473,2540.7147,0.2675,13,H2D
2541.0543,2543.3817,2.3274,16,kernel
2543.2854,2543.4969,0.2115,14,kernel
2543.4905,2545.7668,2.2763,13,kernel
2543.5008,2543.7409,0.2401,14,D2H
2545.6677,2545.8751,0.2074,15,kernel
2545.8685,2546.0345,0.1659,16,kernel
2545.8860,2546.1266,0.2406,15,D2H
2546.0283,2546.1939,0.1656,13,kernel
2546.1310,2546.4370,0.3059,16,D2H
2546.1530,2546.4632,0.3101,14,H2D
2546.4476,2546.6915,0.2439,13,D2H
2546.4750,2548.6925,2.2175,14,kernel
2548.6932,2548.8572,0.1640,14,kernel
2548.8651,2549.1054,0.2403,14,D2H
2552.9153,2553.1752,0.2599,15,H2D
2553.1810,2555.4163,2.2353,15,kernel
2554.6774,2554.9487,0.2713,13,H2D
2554.9514,2555.2252,0.2737,14,H2D
2555.2279,2555.4995,0.2715,16,H2D
2555.3230,2557.5945,2.2715,13,kernel
2557.5034,2559.7870,2.2836,14,kernel
2559.6881,2559.8924,0.2043,15,kernel
2559.8862,2562.1272,2.2411,16,kernel
2559.8960,2560.1361,0.2401,15,D2H
2561.0532,2561.3148,0.2615,15,H2D
2562.0287,2562.2343,0.2057,13,kernel
2562.2281,2562.3946,0.1664,14,kernel
2562.2415,2562.4818,0.2403,13,D2H
2562.3882,2564.6263,2.2381,15,kernel
2562.4859,2562.7260,0.2401,14,D2H
2564.0515,2564.3179,0.2664,13,H2D
2564.3204,2564.5875,0.2671,14,H2D
2564.5290,2564.7362,0.2072,16,kernel
2564.7298,2566.9619,2.2321,13,kernel
2564.7468,2564.9870,0.2402,16,D2H
2565.8409,2566.1059,0.2650,16,H2D
2566.8697,2569.1439,2.2742,14,kernel
2569.0500,2569.2573,0.2073,15,kernel
2569.2509,2571.4846,2.2337,16,kernel
2569.2628,2569.5029,0.2401,15,D2H
2570.1340,2570.3949,0.2609,15,H2D
2571.3917,2571.5981,0.2065,13,kernel
2571.5917,2571.7579,0.1662,14,kernel
2571.6017,2571.8425,0.2408,13,D2H
2571.7515,2573.9846,2.2331,15,kernel
2571.8466,2572.0868,0.2402,14,D2H
2573.3564,2573.6225,0.2660,13,H2D
2573.6252,2573.8922,0.2671,14,H2D
2573.8908,2574.0980,0.2073,16,kernel
2574.0917,2576.3266,2.2348,13,kernel
2574.1060,2574.3463,0.2403,16,D2H
2575.6925,2575.9573,0.2649,16,H2D
2576.2332,2578.5071,2.2740,14,kernel
2578.4117,2578.6180,0.2063,15,kernel
2578.6116,2580.8507,2.2391,16,kernel
2578.6261,2578.8677,0.2416,15,D2H
2579.9407,2580.2012,0.2606,15,H2D
2580.7517,2580.9582,0.2065,13,kernel
2580.9520,2581.1184,0.1664,14,kernel
2580.9643,2581.2045,0.2402,13,D2H
2581.1119,2583.3470,2.2351,15,kernel
2581.2087,2581.4488,0.2401,14,D2H
2582.9118,2583.1791,0.2673,13,H2D
2583.1817,2583.4473,0.2657,14,H2D
2583.2534,2583.4599,0.2066,16,kernel
2583.4538,2585.9710,2.5172,13,kernel
2583.4693,2583.7096,0.2404,16,D2H
2584.3038,2584.5711,0.2673,16,H2D
2585.8588,2586.0905,0.2318,15,kernel
2586.0838,2588.5906,2.5068,14,kernel
2586.0988,2586.3445,0.2458,15,D2H
2587.1152,2587.3818,0.2666,15,H2D
2588.4924,2591.0546,2.5622,16,kernel
2590.9445,2591.1766,0.2320,13,kernel
2591.1693,2593.6895,2.5202,15,kernel
2591.1849,2591.4252,0.2403,13,D2H
2592.3950,2592.6615,0.2665,13,H2D
2593.5779,2593.8101,0.2322,14,kernel
2593.8028,2593.9886,0.1858,16,kernel
2593.8133,2594.0538,0.2405,14,D2H
2593.9817,2596.4980,2.5163,13,kernel
2594.0580,2594.2983,0.2403,16,D2H
2595.9816,2596.2488,0.2673,14,H2D
2596.2519,2596.5198,0.2679,16,H2D
2596.3942,2596.6240,0.2298,15,kernel
2596.6167,2599.1293,2.5126,14,kernel
2596.6304,2596.8761,0.2456,15,D2H
2598.0946,2598.3613,0.2667,15,H2D
2599.0280,2599.2581,0.2300,13,kernel
2599.2511,2601.7614,2.5102,16,kernel
2599.2600,2599.5004,0.2404,13,D2H
2600.5112,2600.7782,0.2670,13,H2D
2601.6611,2604.2489,2.5878,15,kernel
2604.1376,2604.3799,0.2423,14,kernel
2604.3725,2607.0476,2.6751,13,kernel
2604.3934,2604.6339,0.2405,14,D2H
2605.7145,2605.9759,0.2614,14,H2D
2606.9363,2607.1836,0.2472,16,kernel
2607.1756,2607.3730,0.1974,15,kernel
2607.1882,2607.4292,0.2410,16,D2H
2607.3655,2610.0560,2.6905,14,kernel
2607.4338,2607.6744,0.2406,15,D2H
2609.0257,2609.2974,0.2717,16,H2D
2609.9363,2610.1824,0.2461,13,kernel
2610.1748,2612.8623,2.6875,16,kernel
2610.1858,2610.4263,0.2405,13,D2H
2611.1628,2611.4242,0.2615,15,H2D
2612.7448,2612.9922,0.2475,14,kernel
2612.9846,2615.6751,2.6906,15,kernel
2613.0000,2613.2404,0.2404,14,D2H
2614.3952,2614.6621,0.2669,13,H2D
2615.5559,2615.8035,0.2476,16,kernel
2615.7963,2618.4839,2.6876,13,kernel
2615.8073,2616.0478,0.2405,16,D2H
2618.3698,2618.6161,0.2463,15,kernel
2618.6082,2618.8052,0.1969,13,kernel
2618.6187,2618.8594,0.2407,15,D2H
2618.8640,2619.1045,0.2405,13,D2H
2619.2929,2619.5525,0.2596,14,H2D
2619.5594,2622.2248,2.6654,14,kernel
2622.2256,2622.4212,0.1955,14,kernel
2622.4277,2622.6681,0.2403,14,D2H
2623.4935,2623.7534,0.2599,13,H2D
2623.7618,2626.4475,2.6857,13,kernel
2624.4627,2624.7334,0.2706,14,H2D
2624.7365,2625.0107,0.2742,15,H2D
2625.0137,2625.2870,0.2734,16,H2D
2626.3322,2629.0621,2.7299,14,kernel
2628.9492,2631.6722,2.7231,15,kernel
2631.5702,2634.3055,2.7353,16,kernel
2634.1905,2634.4352,0.2447,13,kernel
2634.4279,2634.6252,0.1973,14,kernel
2634.4376,2634.6782,0.2406,13,D2H
2634.6180,2634.8156,0.1976,15,kernel
2634.6829,2634.9234,0.2405,14,D2H
2634.8083,2635.0051,0.1969,16,kernel
2634.9280,2635.1683,0.2403,15,D2H
2635.1730,2635.4134,0.2404,16,D2H
2639.5961,2639.8550,0.2590,13,H2D
2639.8618,2642.5464,2.6846,13,kernel
2642.1671,2642.4394,0.2723,14,H2D
2642.4427,2642.7131,0.2704,15,H2D
2642.4453,2645.1793,2.7340,14,kernel
2642.7159,2642.9827,0.2667,16,H2D
2645.0596,2645.3047,0.2451,13,kernel
2645.2973,2647.9005,2.6032,15,kernel
2645.3103,2645.5508,0.2405,13,D2H
2646.4785,2646.7465,0.2680,13,H2D
2647.7980,2650.3119,2.5139,16,kernel
2650.2089,2650.4359,0.2270,14,kernel
2650.4287,2652.8992,2.4705,13,kernel
2650.4381,2650.6784,0.2403,14,D2H
2651.5271,2651.7856,0.2585,14,H2D
2652.7948,2653.0221,0.2273,15,kernel
2653.0148,2653.1977,0.1829,16,kernel
2653.0232,2653.2645,0.2413,15,D2H
2653.1906,2655.6588,2.4682,14,kernel
2653.2688,2653.5093,0.2405,16,D2H
2655.5545,2655.7856,0.2311,13,kernel
2655.5994,2655.8694,0.2700,15,H2D
2655.7781,2655.9614,0.1833,14,kernel
2655.8001,2656.0564,0.2562,13,D2H
2655.9544,2658.4175,2.4630,15,kernel
2656.0604,2656.3372,0.2768,14,D2H
2656.1794,2656.4688,0.2894,16,H2D
2658.3207,2660.8345,2.5138,16,kernel
2658.4929,2658.7543,0.2614,13,H2D
2658.7562,2659.0169,0.2607,14,H2D
2660.7315,2660.9581,0.2266,15,kernel
2660.9513,2663.4190,2.4677,13,kernel
2660.9624,2661.2027,0.2403,15,D2H
2662.2934,2662.5604,0.2670,15,H2D
2663.3158,2665.8463,2.5305,14,kernel
2665.7379,2665.9692,0.2313,16,kernel
2665.9622,2668.4826,2.5205,15,kernel
2665.9739,2666.2143,0.2403,16,D2H
2667.6367,2667.8977,0.2610,16,H2D
2668.3690,2668.6001,0.2311,13,kernel
2668.5928,2668.7785,0.1857,14,kernel
2668.6038,2668.8448,0.2410,13,D2H
2668.7714,2671.2900,2.5186,16,kernel
2668.8491,2669.0897,0.2406,14,D2H
2670.5143,2670.7788,0.2646,13,H2D
2670.7822,2671.0489,0.2667,14,H2D
2671.1763,2671.4084,0.2322,15,kernel
2671.4014,2673.9060,2.5046,13,kernel
2671.4127,2671.6531,0.2404,15,D2H
2672.5153,2672.7746,0.2594,15,H2D
2673.8081,2676.3652,2.5572,14,kernel
2676.2572,2676.4896,0.2323,16,kernel
2676.4825,2676.6678,0.1853,13,kernel
2676.4947,2676.7356,0.2409,16,D2H
2676.6608,2679.1727,2.5119,15,kernel
2676.7404,2676.9809,0.2405,13,D2H
2678.7646,2679.0309,0.2663,13,H2D
2679.0682,2679.2982,0.2299,14,kernel
2679.2913,2681.8028,2.5115,13,kernel
2679.3034,2679.5437,0.2403,14,D2H
2680.5169,2680.7775,0.2606,16,H2D
2681.6969,2681.9303,0.2334,15,kernel
2681.7687,2682.0518,0.2831,14,H2D
2681.9230,2684.4432,2.5203,16,kernel
2681.9400,2682.2112,0.2711,15,D2H
2684.3304,2684.5637,0.2333,13,kernel
2684.5565,2687.1538,2.5973,14,kernel
2684.5660,2684.8064,0.2404,13,D2H
2686.3803,2686.6411,0.2609,15,H2D
2687.0434,2687.2835,0.2401,16,kernel
2687.2761,2689.8999,2.6239,15,kernel
2687.2934,2687.5338,0.2404,16,D2H
2689.4967,2689.7633,0.2666,13,H2D
2689.7840,2690.0246,0.2406,14,kernel
2690.0176,2692.6406,2.6229,13,kernel
2690.0329,2690.2733,0.2404,14,D2H
2690.7375,2690.9981,0.2605,16,H2D
2692.5249,2692.7664,0.2415,15,kernel
2692.7593,2695.3795,2.6202,16,kernel
2692.7642,2693.0807,0.3165,14,H2D
2692.7736,2693.0894,0.3158,15,D2H
2694.2028,2694.4688,0.2660,15,H2D
2695.2671,2695.5078,0.2408,13,kernel
2695.5007,2698.1108,2.6101,14,kernel
2695.5162,2695.7567,0.2404,13,D2H
2696.7295,2696.9953,0.2658,13,H2D
2698.0089,2700.6647,2.6559,15,kernel
2700.5602,2700.7996,0.2394,16,kernel
2700.7922,2703.4096,2.6174,13,kernel
2700.8076,2701.0480,0.2403,16,D2H
2701.9851,2702.2489,0.2639,16,H2D
2703.2984,2703.5388,0.2404,14,kernel
2703.5314,2703.7245,0.1931,15,kernel
2703.5485,2703.7889,0.2404,14,D2H
2703.7169,2706.3358,2.6188,16,kernel
2703.7933,2704.0337,0.2404,15,D2H
2705.6392,2705.9045,0.2653,14,H2D
2706.2227,2706.4622,0.2396,13,kernel
2706.4550,2709.0768,2.6217,14,kernel
2706.4727,2706.7544,0.2817,13,D2H
2706.5758,2706.8667,0.2909,15,H2D
2708.4952,2708.7623,0.2671,13,H2D
2708.9585,2709.1992,0.2407,16,kernel
2709.1916,2711.8003,2.6087,15,kernel
2709.2038,2709.4513,0.2475,16,D2H
2710.6746,2710.9419,0.2673,16,H2D
2711.6962,2714.3572,2.6610,13,kernel
2714.2450,2714.4863,0.2413,14,kernel
2714.4789,2717.0920,2.6131,16,kernel
2714.4972,2714.7375,0.2404,14,D2H
2715.5186,2715.7850,0.2664,14,H2D
2716.9825,2717.2233,0.2409,15,kernel
2717.2158,2717.4087,0.1929,13,kernel
2717.2269,2717.4675,0.2406,15,D2H
2717.4015,2720.0168,2.6153,14,kernel
2717.4721,2717.7126,0.2405,13,D2H
2718.5790,2718.8398,0.2608,15,H2D
2719.9066,2720.1471,0.2405,16,kernel
2720.0103,2720.2970,0.2867,13,H2D
2720.1398,2722.7567,2.6169,15,kernel
2720.1642,2720.4440,0.2798,16,D2H
2721.1865,2721.4517,0.2652,16,H2D
2722.6445,2722.8851,0.2406,14,kernel
2722.8776,2725.4920,2.6144,13,kernel
2722.8873,2723.1277,0.2404,14,D2H
2724.1578,2724.4254,0.2677,14,H2D
2725.3835,2728.0424,2.6589,16,kernel
2727.9339,2728.1726,0.2387,15,kernel
2728.1654,2730.7804,2.6150,14,kernel
2728.1747,2728.4151,0.2404,15,D2H
2729.8777,2730.1379,0.2601,15,H2D
2730.6659,2730.9095,0.2436,13,kernel
2730.9019,2731.0950,0.1931,16,kernel
2730.9144,2731.1549,0.2405,13,D2H
2731.0876,2733.7091,2.6216,15,kernel
2731.1592,2731.3997,0.2404,16,D2H
2733.5930,2733.8329,0.2399,14,kernel
2733.7549,2734.0485,0.2936,13,H2D
2733.8258,2734.0194,0.1936,15,kernel
2733.8387,2734.1285,0.2897,14,D2H
2734.0526,2736.6590,2.6064,13,kernel
2734.1323,2734.3728,0.2405,15,D2H
2734.6166,2734.8763,0.2597,16,H2D
2736.5556,2739.2215,2.6658,16,kernel
2738.0864,2738.3538,0.2675,14,H2D
2738.3569,2738.6245,0.2676,15,H2D
2739.1061,2739.3444,0.2382,13,kernel
2739.3369,2741.9480,2.6110,14,kernel
2739.3524,2739.5928,0.2404,13,D2H
2741.6966,2741.9648,0.2682,13,H2D
2741.8405,2744.4981,2.6576,15,kernel
2744.3895,2744.6306,0.2410,16,kernel
2744.6233,2744.8162,0.1929,14,kernel
2744.6336,2744.8744,0.2408,16,D2H
2744.8088,2747.4320,2.6232,13,kernel
2744.8791,2745.1197,0.2406,14,D2H
2745.5331,2745.7939,0.2608,16,H2D
2747.3132,2747.5539,0.2407,15,kernel
2747.5467,2750.1664,2.6197,16,kernel
2747.5572,2747.7976,0.2404,15,D2H
2748.0626,2748.3294,0.2668,14,H2D
2749.9271,2750.1926,0.2655,15,H2D
2750.0497,2750.2926,0.2429,13,kernel
2750.2853,2752.8990,2.6137,14,kernel
2750.3046,2750.5450,0.2404,13,D2H
2751.4237,2751.6906,0.2669,13,H2D
2752.7896,2753.0298,0.2402,16,kernel
2753.0225,2755.6352,2.6127,15,kernel
2753.0359,2753.2835,0.2477,16,D2H
2754.5001,2754.7679,0.2678,16,H2D
2755.5265,2758.1901,2.6636,13,kernel
2758.0737,2758.3136,0.2399,14,kernel
2758.3063,2760.9159,2.6096,16,kernel
2758.3244,2758.5648,0.2404,14,D2H
2759.9342,2760.1997,0.2655,14,H2D
2760.8074,2761.0478,0.2405,15,kernel
2761.0399,2761.2322,0.1923,13,kernel
2761.0506,2761.2911,0.2405,15,D2H
2761.2249,2763.8387,2.6138,14,kernel
2761.2956,2761.5360,0.2404,13,D2H
2762.3694,2762.6293,0.2598,15,H2D
2763.2477,2763.5143,0.2666,13,H2D
2763.7280,2763.9670,0.2390,16,kernel
2763.9596,2766.5716,2.6120,15,kernel
2763.9758,2764.2230,0.2472,16,D2H
2765.1138,2765.3789,0.2651,16,H2D
2766.4615,2769.1182,2.6567,13,kernel
2769.0114,2769.2503,0.2388,14,kernel
2769.2431,2771.8591,2.6160,16,kernel
2769.2581,2769.4985,0.2404,14,D2H
2771.1766,2771.4427,0.2661,14,H2D
2771.7432,2771.9851,0.2419,15,kernel
2771.9776,2772.1703,0.1927,13,kernel
2771.9865,2772.2270,0.2405,15,D2H
2772.1631,2774.7796,2.6165,14,kernel
2772.2316,2772.4720,0.2404,13,D2H
2772.9152,2773.1760,0.2608,15,H2D
2774.6658,2774.9055,0.2397,16,kernel
2774.8983,2777.5137,2.6154,15,kernel
2774.9088,2775.1493,0.2404,16,D2H
2776.8200,2777.0873,0.2673,13,H2D
2777.4024,2777.6439,0.2415,14,kernel
2777.4822,2777.7631,0.2809,16,H2D
2777.6364,2780.2521,2.6157,13,kernel
2777.6517,2777.9198,0.2680,14,D2H
2778.7568,2779.0238,0.2670,14,H2D
2780.1381,2780.3794,0.2413,15,kernel
2780.3723,2782.9824,2.6101,16,kernel
2780.3820,2780.6287,0.2467,15,D2H
2781.9487,2782.2160,0.2673,15,H2D
2782.8762,2785.5351,2.6589,14,kernel
2785.4241,2785.6644,0.2403,13,kernel
2785.6570,2788.1995,2.5425,15,kernel
2785.6700,2785.9104,0.2404,13,D2H
2786.4919,2786.7576,0.2657,13,H2D
2788.0961,2788.3285,0.2324,16,kernel
2788.3215,2788.5075,0.1860,14,kernel
2788.3353,2788.5761,0.2408,16,D2H
2788.5005,2791.0171,2.5166,13,kernel
2788.5806,2788.8210,0.2403,14,D2H
2790.9113,2791.1433,0.2319,15,kernel
2791.1086,2791.4146,0.3059,16,H2D
2791.1363,2791.3226,0.1863,13,kernel
2791.1465,2791.4494,0.3029,15,D2H
2791.4190,2793.9177,2.4987,16,kernel
2791.4534,2791.6937,0.2403,13,D2H
2793.9186,2794.1017,0.1831,16,kernel
2794.1036,2794.3439,0.2403,16,D2H
2801.6132,2801.8727,0.2595,14,H2D
2801.8805,2804.3889,2.5084,14,kernel
2802.2936,2802.5655,0.2719,13,H2D
2802.5689,2802.8431,0.2742,15,H2D
2802.8458,2803.1310,0.2852,16,H2D
2804.2901,2806.7842,2.4941,13,kernel
2806.6817,2809.1179,2.4362,15,kernel
2809.0244,2811.4722,2.4478,16,kernel
2811.3623,2811.5839,0.2216,14,kernel
2811.5771,2811.7548,0.1777,13,kernel
2811.5882,2811.8286,0.2403,14,D2H
2811.7478,2811.9260,0.1782,15,kernel
2811.8328,2812.0732,0.2404,13,D2H
2811.9188,2812.0951,0.1763,16,kernel
2812.0776,2812.3180,0.2403,15,D2H
2812.3222,2812.5625,0.2403,16,D2H
2814.2637,2814.5230,0.2593,14,H2D
2814.5304,2816.9277,2.3973,14,kernel
2815.2150,2815.5005,0.2855,13,H2D
2815.5034,2815.7907,0.2874,15,H2D
2815.7937,2816.0684,0.2747,16,H2D
2816.8295,2819.2697,2.4402,13,kernel
2819.1710,2821.6096,2.4386,15,kernel
2821.5110,2823.9577,2.4467,16,kernel
2823.8500,2824.0716,0.2216,14,kernel
2824.0649,2824.2425,0.1776,13,kernel
2824.0742,2824.3145,0.2403,14,D2H
2824.2358,2824.4132,0.1774,15,kernel
2824.3188,2824.5592,0.2404,13,D2H
2824.4064,2824.5829,0.1765,16,kernel
2824.5635,2824.8038,0.2403,15,D2H
2824.8080,2825.0482,0.2402,16,D2H
2826.7060,2826.9636,0.2576,14,H2D
2826.9709,2829.3167,2.3457,14,kernel
2828.7808,2829.0494,0.2685,13,H2D
2829.0523,2829.3323,0.2800,15,H2D
2829.2225,2831.6194,2.3970,13,kernel
2829.3351,2829.6008,0.2657,16,H2D
2831.5152,2831.7328,0.2176,14,kernel
2831.7263,2834.0770,2.3507,15,kernel
2831.7369,2831.9771,0.2402,14,D2H
2833.9791,2836.3730,2.3939,16,kernel
2834.2314,2834.4994,0.2680,14,H2D
2836.2706,2836.4887,0.2181,13,kernel
2836.4819,2836.6559,0.1740,15,kernel
2836.4930,2836.7338,0.2408,13,D2H
2836.6494,2838.9989,2.3495,14,kernel
2836.7380,2836.9782,0.2402,15,D2H
2838.4798,2838.7407,0.2609,13,H2D
2838.9004,2839.1157,0.2153,16,kernel
2839.1092,2841.4652,2.3560,13,kernel
2839.1196,2839.3598,0.2403,16,D2H
2840.0886,2840.3562,0.2677,15,H2D
2841.0178,2841.2973,0.2795,16,H2D
2841.3582,2841.5765,0.2183,14,kernel
2841.5695,2843.9152,2.3457,15,kernel
2841.5842,2841.8252,0.2410,14,D2H
2842.8636,2843.1426,0.2790,14,H2D
2843.8198,2846.2125,2.3927,16,kernel
2846.1095,2846.3277,0.2183,13,kernel
2846.3215,2848.6928,2.3713,14,kernel
2846.3321,2846.5723,0.2403,13,D2H
2847.8890,2848.1499,0.2610,13,H2D
2848.5907,2848.8139,0.2232,15,kernel
2848.8067,2848.9890,0.1824,16,kernel
2848.8203,2849.0606,0.2403,15,D2H
2848.9820,2851.4513,2.4694,13,kernel
2849.0652,2849.3055,0.2403,16,D2H
2851.3432,2851.5706,0.2274,14,kernel
2851.5637,2851.7458,0.1821,13,kernel
2851.5757,2851.8437,0.2680,14,D2H
2851.7234,2852.0337,0.3102,15,H2D
2851.8545,2852.1358,0.2813,13,D2H
2852.0410,2854.4994,2.4584,15,kernel
2852.4031,2852.6650,0.2619,16,H2D
2854.4010,2856.9171,2.5161,16,kernel
2856.8093,2857.0357,0.2264,15,kernel
2857.0288,2857.2110,0.1821,16,kernel
2857.0370,2857.2774,0.2404,15,D2H
2857.2820,2857.5790,0.2970,16,D2H
2857.3342,2857.6369,0.3027,13,H2D
2857.6452,2860.1106,2.4654,13,kernel
2859.0436,2859.3131,0.2695,14,H2D
2859.3170,2859.5919,0.2749,15,H2D
2859.5952,2859.8763,0.2811,16,H2D
2860.0096,2862.5143,2.5046,14,kernel
2862.4095,2864.9164,2.5070,15,kernel
2864.8153,2867.3556,2.5403,16,kernel
2867.2489,2867.4809,0.2321,13,kernel
2867.4736,2867.6600,0.1863,14,kernel
2867.4845,2867.7250,0.2405,13,D2H
2867.6528,2867.8390,0.1863,15,kernel
2867.7292,2867.9697,0.2405,14,D2H
2867.8318,2868.0170,0.1852,16,kernel
2867.9748,2868.2152,0.2404,15,D2H
2868.2198,2868.4602,0.2404,16,D2H
2870.9070,2871.1671,0.2600,13,H2D
2871.1761,2873.6903,2.5142,13,kernel
2872.1689,2872.4377,0.2688,14,H2D
2872.4409,2872.7151,0.2741,15,H2D
2872.7185,2872.9925,0.2740,16,H2D
2873.5890,2876.1515,2.5625,14,kernel
2876.0491,2878.6104,2.5613,15,kernel
2878.5077,2881.0694,2.5617,16,kernel
2880.9672,2881.1977,0.2305,13,kernel
2881.1905,2881.3767,0.1862,14,kernel
2881.2016,2881.4420,0.2404,13,D2H
2881.3695,2881.5557,0.1862,15,kernel
2881.4463,2881.6867,0.2404,14,D2H
2881.5487,2881.7341,0.1854,16,kernel
2881.6910,2881.9317,0.2407,15,D2H
2881.9364,2882.1768,0.2404,16,D2H
2885.0188,2885.2803,0.2615,13,H2D
2885.2885,2887.8052,2.5166,13,kernel
2886.3886,2886.6609,0.2723,14,H2D
2886.6640,2886.9369,0.2730,15,H2D
2886.9401,2887.2346,0.2945,16,H2D
2887.6962,2890.2520,2.5558,14,kernel
2890.1514,2892.7090,2.5576,15,kernel
2892.6060,2895.1678,2.5618,16,kernel
2895.0583,2895.2896,0.2314,13,kernel
2895.2826,2895.4681,0.1855,14,kernel
2895.2921,2895.5328,0.2407,13,D2H
2895.4612,2895.6467,0.1855,15,kernel
2895.5372,2895.7776,0.2405,14,D2H
2895.6397,2895.8243,0.1846,16,kernel
2895.7820,2896.0224,0.2404,15,D2H
2896.0270,2896.2674,0.2404,16,D2H
2898.7202,2898.9841,0.2639,13,H2D
2898.9861,2899.2621,0.2760,14,H2D
2898.9890,2901.5071,2.5181,13,kernel
2899.2660,2899.5410,0.2749,15,H2D
2899.5438,2899.8181,0.2743,16,H2D
2901.4001,2903.9571,2.5569,14,kernel
2903.8529,2906.4049,2.5520,15,kernel
2906.3047,2908.7534,2.4487,16,kernel
2908.6549,2908.8763,0.2214,13,kernel
2908.8695,2909.0474,0.1779,14,kernel
2908.8838,2909.1241,0.2403,13,D2H
2909.0407,2909.2186,0.1779,15,kernel
2909.1283,2909.3687,0.2403,14,D2H
2909.2115,2909.3883,0.1768,16,kernel
2909.3741,2909.6210,0.2469,15,D2H
2909.6270,2909.8672,0.2402,16,D2H
2912.2538,2912.5139,0.2601,13,H2D
2912.5242,2914.9210,2.3968,13,kernel
2913.0164,2913.2887,0.2723,14,H2D
2913.2924,2913.5691,0.2768,15,H2D
2913.5721,2913.8463,0.2742,16,H2D
2914.8261,2917.2665,2.4404,14,kernel
2917.1672,2919.6072,2.4400,15,kernel
2919.5121,2921.9567,2.4446,16,kernel
2921.8538,2922.0748,0.2210,13,kernel
2922.0675,2922.2459,0.1785,14,kernel
2922.0790,2922.3193,0.2403,13,D2H
2922.2386,2922.4167,0.1781,15,kernel
2922.3236,2922.5639,0.2402,14,D2H
2922.4097,2922.5865,0.1769,16,kernel
2922.5681,2922.8086,0.2404,15,D2H
2922.8130,2923.0532,0.2403,16,D2H
2925.7060,2925.9634,0.2574,13,H2D
2925.9731,2928.3535,2.3804,13,kernel
2928.3544,2928.5301,0.1758,13,kernel
2928.5364,2928.7765,0.2402,13,D2H
2929.2596,2929.5166,0.2570,14,H2D
2929.5253,2931.9256,2.4003,14,kernel
2931.1877,2931.4600,0.2723,13,H2D
2931.4630,2931.7523,0.2892,15,H2D
2931.7552,2932.0267,0.2715,16,H2D
2931.8273,2934.2639,2.4367,13,kernel
2934.1706,2936.6181,2.4475,15,kernel
2936.5130,2936.7335,0.2205,14,kernel
2936.7265,2939.1308,2.4043,16,kernel
2936.7449,2936.9853,0.2403,14,D2H
2937.8751,2938.1414,0.2663,14,H2D
2939.0276,2939.2487,0.2211,13,kernel
2939.2416,2939.4196,0.1780,15,kernel
2939.2516,2939.4921,0.2404,13,D2H
2939.4126,2941.8252,2.4127,14,kernel
2939.4962,2939.7366,0.2404,15,D2H
2940.7705,2941.0319,0.2613,13,H2D
2941.7141,2941.9336,0.2195,16,kernel
2941.9271,2944.3246,2.3975,13,kernel
2941.9387,2942.1789,0.2403,16,D2H
2942.9667,2943.2350,0.2683,15,H2D
2944.2277,2944.4481,0.2204,14,kernel
2944.4413,2946.8441,2.4028,15,kernel
2944.4570,2944.6980,0.2410,14,D2H
2944.6910,2944.9529,0.2619,16,H2D
2945.3326,2945.6007,0.2682,14,H2D
2946.7406,2946.9618,0.2212,13,kernel
2946.9552,2949.3492,2.3940,16,kernel
2946.9685,2947.2138,0.2453,13,D2H
2948.4770,2948.7417,0.2647,13,H2D
2949.2569,2951.6963,2.4394,14,kernel
2951.6001,2951.8225,0.2224,15,kernel
2951.8159,2954.2140,2.3982,13,kernel
2951.8294,2952.0696,0.2402,15,D2H
2954.1211,2954.3418,0.2207,16,kernel
2954.3135,2954.6192,0.3057,15,H2D
2954.3351,2954.5139,0.1788,14,kernel
2954.3512,2954.6541,0.3029,16,D2H
2954.5073,2954.6857,0.1784,13,kernel
2954.6593,2954.8997,0.2403,14,D2H
2954.6788,2957.0807,2.4019,15,kernel
2954.9060,2955.1464,0.2404,13,D2H
2955.8146,2956.0748,0.2603,16,H2D
2956.9825,2959.4346,2.4521,16,kernel
2959.3304,2959.5511,0.2208,15,kernel
2959.5441,2959.7215,0.1774,16,kernel
2959.5525,2959.7929,0.2404,15,D2H
2959.7973,2960.0376,0.2402,16,D2H
2965.0895,2965.3584,0.2689,13,H2D
2965.3611,2965.6364,0.2753,14,H2D
2965.3696,2967.7725,2.4029,13,kernel
2965.6393,2965.9127,0.2733,15,H2D
2965.9153,2966.1881,0.2729,16,H2D
2967.6759,2970.1233,2.4475,14,kernel
2970.0256,2972.4732,2.4476,15,kernel
2972.3727,2974.8193,2.4466,16,kernel
2974.7179,2974.9420,0.2242,13,kernel
2974.9352,2975.1134,0.1782,14,kernel
2974.9445,2975.1850,0.2405,13,D2H
2975.1067,2975.2846,0.1779,15,kernel
2975.1892,2975.4313,0.2422,14,D2H
2975.2777,2975.4548,0.1771,16,kernel
2975.4372,2975.6776,0.2403,15,D2H
2975.6821,2975.9224,0.2402,16,D2H
2978.2430,2978.5024,0.2594,13,H2D
2978.5124,2980.9173,2.4049,13,kernel
2980.5001,2980.7704,0.2703,14,H2D
2980.7740,2981.0454,0.2714,15,H2D
2980.8170,2983.2744,2.4574,14,kernel
2981.0483,2981.3164,0.2681,16,H2D
2983.1683,2983.3903,0.2220,13,kernel
2983.3835,2985.7842,2.4007,15,kernel
2983.3934,2983.6337,0.2403,13,D2H
2984.7180,2984.9871,0.2691,13,H2D
2985.6898,2988.1140,2.4242,16,kernel
2988.0143,2988.2310,0.2168,14,kernel
2988.2243,2990.5799,2.3556,13,kernel
2988.2335,2988.4738,0.2402,14,D2H
2989.1067,2989.3661,0.2595,14,H2D
2990.4784,2990.6951,0.2167,15,kernel
2990.6879,2990.8622,0.1742,16,kernel
2990.7008,2990.9413,0.2404,15,D2H
2990.8557,2993.2070,2.3513,14,kernel
2990.9464,2991.1867,0.2403,16,D2H
2992.3859,2992.6493,0.2635,15,H2D
2993.1092,2993.3248,0.2157,13,kernel
2993.3183,2995.6684,2.3501,15,kernel
2993.3340,2993.5872,0.2532,13,D2H
2993.5278,2993.7979,0.2701,16,H2D
2994.3446,2994.6190,0.2744,13,H2D
2995.5727,2995.7884,0.2157,14,kernel
2995.7820,2998.1333,2.3512,16,kernel
2995.7949,2996.0351,0.2402,14,D2H
2996.6253,2996.8924,0.2671,14,H2D
2998.0344,3000.4332,2.3988,13,kernel
3000.3253,3000.5426,0.2173,15,kernel
3000.5362,3002.8928,2.3565,14,kernel
3000.5489,3000.7891,0.2402,15,D2H
3001.7725,3002.0333,0.2609,15,H2D
3002.7864,3003.0048,0.2183,16,kernel
3002.9982,3003.1724,0.1742,13,kernel
3003.0131,3003.2534,0.2403,16,D2H
3003.1657,3005.5171,2.3514,15,kernel
3003.2585,3003.4987,0.2402,13,D2H
3004.0042,3004.2648,0.2606,16,H2D
3005.4174,3005.6340,0.2166,14,kernel
3005.6267,3008.0119,2.3853,16,kernel
3005.6382,3005.8784,0.2402,14,D2H
3006.5668,3006.8273,0.2605,13,H2D
3007.9009,3008.1313,0.2304,15,kernel
3008.1244,3010.6436,2.5192,13,kernel
3008.1332,3008.3735,0.2402,15,D2H
3008.6478,3008.9109,0.2631,14,H2D
3009.2846,3009.5510,0.2663,15,H2D
3010.5330,3010.7664,0.2333,16,kernel
3010.7588,3013.2816,2.5228,14,kernel
3010.7715,3011.0119,0.2404,16,D2H
3012.2223,3012.4885,0.2662,16,H2D
3013.1724,3015.7431,2.5707,15,kernel
3015.6293,3015.8635,0.2342,13,kernel
3015.8562,3018.3811,2.5248,16,kernel
3015.8744,3016.1150,0.2406,13,D2H
3016.9621,3017.2215,0.2594,13,H2D
3018.2710,3018.5028,0.2318,14,kernel
3018.4956,3018.6823,0.1867,15,kernel
3018.5141,3018.7546,0.2405,14,D2H
3018.6749,3021.1966,2.5217,13,kernel
3018.7588,3018.9992,0.2404,15,D2H
3021.0897,3021.3208,0.2311,16,kernel
3021.3138,3021.4992,0.1853,13,kernel
3021.3249,3021.5654,0.2405,16,D2H
3021.5701,3021.8104,0.2403,13,D2H
3024.7799,3025.0396,0.2597,14,H2D
3025.0437,3027.5450,2.5013,14,kernel
3027.5459,3027.7302,0.1843,14,kernel
3027.7339,3027.9742,0.2403,14,D2H
3028.2027,3028.4629,0.2601,13,H2D
3028.4723,3031.0182,2.5459,13,kernel
3031.0190,3031.2064,0.1874,13,kernel
3031.2085,3031.4581,0.2496,13,D2H
3031.4167,3031.6840,0.2673,14,H2D
3031.6868,3031.9466,0.2597,15,H2D
3031.6881,3034.2493,2.5612,14,kernel
3032.7896,3033.0634,0.2738,13,H2D
3033.0665,3033.3416,0.2751,16,H2D
3034.1435,3036.7498,2.6063,15,kernel
3036.6425,3039.2407,2.5982,13,kernel
3039.1394,3041.7503,2.6108,16,kernel
3041.6317,3041.8687,0.2371,14,kernel
3041.8617,3042.0507,0.1890,15,kernel
3041.8702,3042.1107,0.2405,14,D2H
3042.0431,3042.2319,0.1888,13,kernel
3042.1149,3042.3555,0.2406,15,D2H
3042.2246,3042.4125,0.1879,16,kernel
3042.3600,3042.6005,0.2405,13,D2H
3042.6048,3042.8452,0.2404,16,D2H
3044.7933,3045.0552,0.2619,14,H2D
3045.0637,3047.6218,2.5580,14,kernel
3046.7878,3047.0596,0.2718,13,H2D
3047.0629,3047.3378,0.2750,15,H2D
3047.3407,3047.6134,0.2727,16,H2D
3047.5138,3050.1097,2.5959,13,kernel
3050.0063,3052.5640,2.5576,15,kernel
3052.4650,3055.0316,2.5665,16,kernel
3054.9187,3055.1514,0.2327,14,kernel
3055.1440,3055.3301,0.1861,13,kernel
3055.1552,3055.3959,0.2406,14,D2H
3055.3231,3055.5086,0.1856,15,kernel
3055.4013,3055.6418,0.2405,13,D2H
3055.5015,3055.6865,0.1850,16,kernel
3055.6461,3055.8873,0.2412,15,D2H
3055.8920,3056.1323,0.2403,16,D2H
3057.8594,3058.1187,0.2593,14,H2D
3058.1233,3060.6238,2.5005,14,kernel
3060.6247,3060.8085,0.1838,14,kernel
3060.8124,3061.0527,0.2403,14,D2H
3062.1046,3062.3642,0.2595,13,H2D
3062.3729,3064.8739,2.5010,13,kernel
3064.8748,3065.0588,0.1840,13,kernel
3065.0673,3065.3076,0.2403,13,D2H
3067.1306,3067.3897,0.2591,14,H2D
3067.3944,3069.8349,2.4405,14,kernel
3068.9437,3069.2318,0.2881,13,H2D
3069.2350,3069.5093,0.2743,15,H2D
3069.5136,3069.7929,0.2793,16,H2D
3069.7427,3072.1811,2.4384,13,kernel
3072.0819,3074.5174,2.4354,15,kernel
3074.4212,3076.8646,2.4435,16,kernel
3076.7640,3076.9831,0.2191,14,kernel
3076.9764,3077.1542,0.1778,13,kernel
3076.9884,3077.2287,0.2403,14,D2H
3077.1472,3077.3245,0.1773,15,kernel
3077.2331,3077.4736,0.2405,13,D2H
3077.3179,3077.4947,0.1768,16,kernel
3077.4779,3077.7181,0.2402,15,D2H
3077.7228,3077.9629,0.2402,16,D2H
3080.8975,3081.1608,0.2633,14,H2D
3081.1668,3083.5458,2.3789,14,kernel
3083.5466,3083.7226,0.1759,14,kernel
3083.7303,3083.9704,0.2401,14,D2H
3084.4540,3084.7132,0.2592,13,H2D
3084.7223,3087.1035,2.3812,13,kernel
3087.1043,3087.2800,0.1757,13,kernel
3087.2814,3087.5216,0.2402,13,D2H
3088.4017,3088.6612,0.2595,14,H2D
3088.6653,3090.9363,2.2710,14,kernel
3090.9370,3091.1047,0.1676,14,kernel
3091.1131,3091.4146,0.3015,14,D2H
3091.1609,3091.4671,0.3062,13,H2D
3091.4697,3091.7384,0.2687,15,H2D
3091.4802,3093.7637,2.2835,13,kernel
3091.7410,3092.0069,0.2659,16,H2D
3092.2272,3092.5013,0.2741,14,H2D
3093.6736,3095.9989,2.3253,15,kernel
3095.9060,3098.2333,2.3273,16,kernel
3098.1398,3100.4655,2.3257,14,kernel
3100.3687,3100.5801,0.2114,13,kernel
3100.5736,3100.7432,0.1696,15,kernel
3100.5865,3100.8269,0.2403,13,D2H
3100.7368,3100.9063,0.1696,16,kernel
3100.8312,3101.0715,0.2403,15,D2H
3100.8998,3101.0687,0.1689,14,kernel
3101.0760,3101.3161,0.2401,16,D2H
3101.3206,3101.5607,0.2402,14,D2H
3104.2006,3104.4603,0.2596,13,H2D
3104.4697,3106.7415,2.2718,13,kernel
3106.7423,3106.9100,0.1677,13,kernel
3106.9113,3107.1514,0.2401,13,D2H
3108.5786,3108.8402,0.2616,14,H2D
3108.8482,3111.1325,2.2843,14,kernel
3109.7086,3109.9805,0.2719,13,H2D
3109.9834,3110.2583,0.2750,15,H2D
3110.2614,3110.5361,0.2747,16,H2D
3111.0388,3113.3583,2.3195,13,kernel
3113.2709,3115.5930,2.3221,15,kernel
3115.5004,3117.8338,2.3334,16,kernel
3117.7335,3117.9442,0.2107,14,kernel
3117.9378,3118.1076,0.1698,13,kernel
3117.9494,3118.1896,0.2403,14,D2H
3118.1010,3118.2705,0.1695,15,kernel
3118.1953,3118.4358,0.2405,13,D2H
3118.2641,3118.4331,0.1690,16,kernel
3118.4403,3118.6805,0.2402,15,D2H
3118.6850,3118.9252,0.2402,16,D2H
3120.7578,3121.0186,0.2608,14,H2D
3121.0251,3123.2972,2.2721,14,kernel
3123.2714,3123.5451,0.2737,13,H2D
3123.2980,3123.4676,0.1697,14,kernel
3123.4800,3123.7985,0.3185,14,D2H
3123.5489,3123.8576,0.3087,15,H2D
3123.5546,3125.8411,2.2865,13,kernel
3123.8605,3124.1271,0.2666,16,H2D
3125.6051,3125.8768,0.2716,14,H2D
3125.7463,3128.0751,2.3288,15,kernel
3127.9791,3130.3080,2.3289,16,kernel
3130.2090,3130.4209,0.2118,13,kernel
3130.4146,3132.7025,2.2879,14,kernel
3130.4263,3130.6664,0.2402,13,D2H
3131.3074,3131.5814,0.2740,13,H2D
3132.6055,3132.8160,0.2106,15,kernel
3132.8097,3132.9794,0.1697,16,kernel
3132.8220,3133.0625,0.2404,15,D2H
3132.9729,3135.2648,2.2919,13,kernel
3133.0668,3133.3069,0.2402,16,D2H
3134.7592,3135.0267,0.2675,15,H2D
3135.1633,3135.3746,0.2113,14,kernel
3135.3679,3137.6521,2.2842,15,kernel
3135.3777,3135.6179,0.2402,14,D2H
3136.3711,3136.6330,0.2619,16,H2D
3137.5564,3137.7688,0.2124,13,kernel
3137.7627,3140.0494,2.2867,16,kernel
3137.7797,3138.0200,0.2403,13,D2H
3138.1559,3138.4228,0.2668,14,H2D
3139.9513,3140.1637,0.2123,15,kernel
3140.1574,3142.4473,2.2899,14,kernel
3140.1661,3140.4599,0.2939,15,D2H
3140.2286,3140.5293,0.3006,13,H2D
3141.0838,3141.3512,0.2675,15,H2D
3142.3478,3142.5587,0.2109,16,kernel
3142.5523,3144.8348,2.2825,13,kernel
3142.5629,3142.8076,0.2447,16,D2H
3143.3871,3143.6539,0.2668,16,H2D
3144.7411,3147.0733,2.3323,15,kernel
3146.9702,3147.1818,0.2116,14,kernel
3147.1753,3149.4638,2.2885,16,kernel
3147.1854,3147.4255,0.2402,14,D2H
3148.3132,3148.5802,0.2670,14,H2D
3149.3633,3149.5756,0.2123,13,kernel
3149.5689,3149.7385,0.1697,15,kernel
3149.5788,3149.8193,0.2405,13,D2H
3149.7319,3152.0973,2.3654,14,kernel
3149.8233,3150.0637,0.2403,15,D2H
3151.9852,3152.2183,0.2331,16,kernel
3152.2112,3152.3962,0.1851,14,kernel
3152.2219,3152.4623,0.2404,16,D2H
3152.4669,3152.7072,0.2403,14,D2H
3155.9293,3156.1870,0.2577,13,H2D
3156.1960,3158.6922,2.4962,13,kernel
3158.6929,3158.8764,0.1835,13,kernel
3158.8779,3159.1182,0.2403,13,D2H
3159.3258,3159.5851,0.2593,14,H2D
3159.5925,3162.0998,2.5073,14,kernel
3161.4522,3161.7250,0.2728,13,H2D
3161.7277,3162.0006,0.2729,15,H2D
3162.0021,3164.5596,2.5575,13,kernel
3162.0038,3162.2734,0.2696,16,H2D
3164.4550,3167.0238,2.5687,15,kernel
3166.9106,3167.1434,0.2328,14,kernel
3167.1358,3169.6469,2.5111,16,kernel
3167.1531,3167.3934,0.2403,14,D2H
3168.3183,3168.5850,0.2667,14,H2D
3169.5331,3169.7625,0.2293,13,kernel
3169.7555,3169.9383,0.1828,15,kernel
3169.7705,3170.0109,0.2404,13,D2H
3169.9316,3172.4053,2.4737,14,kernel
3170.0151,3170.2554,0.2403,15,D2H
3171.6702,3171.9313,0.2611,13,H2D
3172.2970,3172.5249,0.2279,16,kernel
3172.5178,3174.9929,2.4751,13,kernel
3172.5321,3172.7723,0.2402,16,D2H
3173.3273,3173.5946,0.2673,15,H2D
3174.7815,3175.0452,0.2637,16,H2D
3174.8850,3175.1133,0.2283,14,kernel
3175.1062,3177.5785,2.4723,15,kernel
3175.1192,3175.3598,0.2406,14,D2H
3175.9540,3176.2208,0.2667,14,H2D
3177.4703,3177.6992,0.2289,13,kernel
3177.6921,3180.1574,2.4652,16,kernel
3177.7044,3177.9504,0.2460,13,D2H
3180.0571,3182.5715,2.5144,14,kernel
3180.0988,3180.3603,0.2614,13,H2D
3182.4644,3182.6930,0.2287,15,kernel
3182.6862,3182.8688,0.1826,16,kernel
3182.6989,3182.9393,0.2404,15,D2H
3182.8620,3185.3309,2.4689,13,kernel
3182.9438,3183.1841,0.2403,16,D2H
3185.2270,3185.4547,0.2277,14,kernel
3185.4477,3185.6297,0.1820,13,kernel
3185.4573,3185.6976,0.2403,14,D2H
3185.7020,3186.0078,0.3059,13,D2H
3185.7253,3186.0360,0.3107,15,H2D
3186.0397,3188.4886,2.4489,15,kernel
3188.4894,3188.6703,0.1809,15,kernel
3188.6715,3188.9117,0.2402,15,D2H
3189.1340,3189.3940,0.2600,14,H2D
3189.4012,3191.9284,2.5271,14,kernel
3191.9293,3192.1158,0.1865,14,kernel
3192.1213,3192.3617,0.2403,14,D2H
3195.4123,3195.6721,0.2598,13,H2D
3195.6815,3198.2338,2.5522,13,kernel
3197.1573,3197.4277,0.2704,14,H2D
3197.4312,3197.7069,0.2757,15,H2D
3197.7100,3197.9852,0.2752,16,H2D
3198.1309,3200.7256,2.5947,14,kernel
3200.6228,3203.2177,2.5949,15,kernel
3203.1136,3205.7239,2.6103,16,kernel
3205.6085,3205.8423,0.2338,13,kernel
3205.8350,3206.0242,0.1892,14,kernel
3205.8497,3206.0902,0.2405,13,D2H
3206.0167,3206.2050,0.1883,15,kernel
3206.0946,3206.3350,0.2404,14,D2H
3206.1980,3206.3858,0.1878,16,kernel
3206.3393,3206.5798,0.2404,15,D2H
3206.5851,3206.8254,0.2403,16,D2H
3214.9989,3215.2565,0.2577,13,H2D
3215.2661,3217.7322,2.4661,13,kernel
3216.6723,3216.9432,0.2709,14,H2D
3216.9459,3217.2200,0.2741,15,H2D
3217.2236,3217.4974,0.2738,16,H2D
3217.6372,3220.1485,2.5112,14,kernel
3220.0492,3222.5592,2.5101,15,kernel
3222.4605,3224.9748,2.5142,16,kernel
3224.8717,3225.0992,0.2275,13,kernel
3225.0924,3225.2753,0.1830,14,kernel
3225.1012,3225.3416,0.2404,13,D2H
3225.2682,3225.4517,0.1834,15,kernel
3225.3459,3225.5863,0.2404,14,D2H
3225.4441,3225.6264,0.1822,16,kernel
3225.5908,3225.8312,0.2403,15,D2H
3225.8357,3226.0761,0.2403,16,D2H
3228.3434,3228.6016,0.2582,13,H2D
3228.6095,3230.9956,2.3861,13,kernel
3229.5213,3229.7906,0.2692,14,H2D
3229.7932,3230.0819,0.2887,15,H2D
3230.0846,3230.3648,0.2802,16,H2D
3230.9006,3233.2936,2.3929,14,kernel
3233.1939,3235.5903,2.3964,15,kernel
3235.4887,3237.8830,2.3944,16,kernel
3237.7801,3237.9976,0.2175,13,kernel
3237.9907,3238.1652,0.1746,14,kernel
3238.0015,3238.2418,0.2403,13,D2H
3238.1585,3238.3325,0.1740,15,kernel
3238.2461,3238.4864,0.2403,14,D2H
3238.3257,3238.4992,0.1735,16,kernel
3238.4907,3238.7311,0.2404,15,D2H
3238.7356,3238.9757,0.2402,16,D2H
3241.5141,3241.7760,0.2619,13,H2D
3241.7809,3244.1107,2.3298,13,kernel
3244.1114,3244.2837,0.1723,13,kernel
3244.2875,3244.5277,0.2402,13,D2H
3246.3633,3246.6230,0.2597,14,H2D
3246.6282,3248.9743,2.3462,14,kernel
3247.7138,3247.9857,0.2719,13,H2D
3247.9889,3248.2631,0.2741,15,H2D
3248.2663,3248.5406,0.2743,16,H2D
3248.8787,3251.2620,2.3833,13,kernel
3251.1710,3253.4944,2.3234,15,kernel
3253.4063,3255.7181,2.3119,16,kernel
3255.6137,3255.8222,0.2085,14,kernel
3255.8158,3255.9840,0.1682,13,kernel
3255.8306,3256.0708,0.2402,14,D2H
3255.9774,3256.1454,0.1679,15,kernel
3256.0752,3256.3154,0.2402,13,D2H
3256.1389,3256.3062,0.1673,16,kernel
3256.3197,3256.5598,0.2401,15,D2H
3256.5643,3256.8044,0.2401,16,D2H
3258.6164,3258.8755,0.2591,14,H2D
3258.8833,3261.1349,2.2516,14,kernel
3261.1356,3261.3016,0.1660,14,kernel
3261.3093,3261.5496,0.2402,14,D2H
3265.8475,3266.1067,0.2592,13,H2D
3266.1116,3268.3576,2.2461,13,kernel
3268.3583,3268.5240,0.1657,13,kernel
3268.5274,3268.7675,0.2401,13,D2H
3270.5878,3270.8468,0.2589,14,H2D
3270.8555,3272.9806,2.1251,14,kernel
3272.9814,3273.1392,0.1578,14,kernel
3273.1421,3273.3821,0.2400,14,D2H
3273.8637,3274.1238,0.2601,13,H2D
3274.1334,3276.2680,2.1347,13,kernel
3275.7772,3276.0478,0.2706,14,H2D
3276.0509,3276.3245,0.2736,15,H2D
3276.1853,3278.3689,2.1835,14,kernel
3276.3270,3276.5955,0.2685,16,H2D
3278.2774,3278.4753,0.1979,13,kernel
3278.4695,3280.6089,2.1394,15,kernel
3278.4789,3278.7191,0.2402,13,D2H
3279.3558,3279.6247,0.2689,13,H2D
3280.5199,3282.7046,2.1848,16,kernel
3282.6127,3282.8112,0.1985,14,kernel
3282.8050,3284.9464,2.1414,13,kernel
3282.8164,3283.0565,0.2401,14,D2H
3283.6829,3283.9422,0.2594,14,H2D
3284.8575,3285.0569,0.1994,15,kernel
3285.0507,3285.2106,0.1598,16,kernel
3285.0607,3285.3008,0.2401,15,D2H
3285.2042,3287.3428,2.1386,14,kernel
3285.3053,3285.5453,0.2400,16,D2H
3287.2563,3287.4549,0.1986,13,kernel
3287.4488,3287.6078,0.1589,14,kernel
3287.4573,3287.6976,0.2403,13,D2H
3287.7016,3287.9418,0.2402,14,D2H
3288.3289,3288.5882,0.2593,15,H2D
3288.5970,3290.7248,2.1278,15,kernel
3290.7254,3290.8829,0.1575,15,kernel
3290.8889,3291.1290,0.2401,15,D2H
3298.0285,3298.2963,0.2678,13,H2D
3298.2993,3298.5752,0.2760,14,H2D
3298.3001,3300.6125,2.3124,13,kernel
3298.5783,3298.8531,0.2748,15,H2D
3298.8561,3299.1309,0.2747,16,H2D
3300.5170,3302.8661,2.3491,14,kernel
3302.7714,3305.1235,2.3521,15,kernel
3305.0289,3307.3872,2.3583,16,kernel
3307.2857,3307.4982,0.2125,13,kernel
3307.4918,3307.6640,0.1722,14,kernel
3307.5029,3307.7431,0.2402,13,D2H
3307.6571,3307.8286,0.1715,15,kernel
3307.7474,3307.9876,0.2402,14,D2H
3307.8220,3307.9927,0.1707,16,kernel
3307.9919,3308.2320,0.2402,15,D2H
3308.2365,3308.4767,0.2402,16,D2H
3311.7053,3311.9654,0.2601,13,H2D
3311.9755,3314.2593,2.2838,13,kernel
3312.9725,3313.2422,0.2697,14,H2D
3313.2454,3313.5217,0.2762,15,H2D
3313.5248,3313.8000,0.2752,16,H2D
3314.1692,3316.4910,2.3218,14,kernel
3316.4014,3318.7237,2.3223,15,kernel
3318.6343,3320.9627,2.3285,16,kernel
3320.8641,3321.0761,0.2120,13,kernel
3321.0694,3321.2393,0.1698,14,kernel
3321.0818,3321.3220,0.2402,13,D2H
3321.2328,3321.4025,0.1698,15,kernel
3321.3263,3321.5667,0.2404,14,D2H
3321.3959,3321.5648,0.1690,16,kernel
3321.5707,3321.8109,0.2401,15,D2H
3321.8154,3322.0556,0.2402,16,D2H
3325.8894,3326.1482,0.2588,13,H2D
3326.1507,3328.4350,2.2843,13,kernel
3327.6133,3327.8837,0.2704,14,H2D
3327.8874,3328.1613,0.2739,15,H2D
3328.1639,3328.4568,0.2929,16,H2D
3328.3431,3330.6683,2.3252,14,kernel
3330.5731,3332.8265,2.2535,15,kernel
3332.7266,3332.9311,0.2045,13,kernel
3332.9248,3335.1157,2.1908,16,kernel
3332.9391,3333.1792,0.2401,13,D2H
3334.2254,3334.4852,0.2598,13,H2D
3335.0238,3335.2242,0.2004,14,kernel
3335.2180,3335.3808,0.1628,15,kernel
3335.2278,3335.4680,0.2402,14,D2H
3335.3745,3337.5654,2.1909,13,kernel
3335.4722,3335.7123,0.2401,15,D2H
3337.4708,3337.6743,0.2036,16,kernel
3337.6681,3337.8303,0.1623,13,kernel
3337.6815,3337.9217,0.2402,16,D2H
3337.9261,3338.1663,0.2402,13,D2H
3338.9392,3339.1961,0.2569,14,H2D
3339.2030,3341.3683,2.1652,14,kernel
3341.2995,3341.5635,0.2640,13,H2D
3341.3690,3341.5312,0.1622,14,kernel
3341.5431,3341.8586,0.3155,14,D2H
3341.5683,3341.8852,0.3169,15,H2D
3341.5786,3343.7662,2.1876,13,kernel
3341.8878,3342.1537,0.2659,16,H2D
3342.5354,3342.8020,0.2665,14,H2D
3343.6763,3345.9009,2.2245,15,kernel
3345.8095,3348.0406,2.2311,16,kernel
3347.9452,3348.1479,0.2027,13,kernel
3348.1414,3350.3304,2.1890,14,kernel
3348.1557,3348.3958,0.2401,13,D2H
3349.8604,3350.1204,0.2600,13,H2D
3350.2387,3350.4404,0.2016,15,kernel
3350.4338,3350.5968,0.1630,16,kernel
3350.4477,3350.6881,0.2403,15,D2H
3350.5907,3352.7808,2.1902,13,kernel
3350.6924,3350.9325,0.2401,16,D2H
3352.6861,3352.8890,0.2028,14,kernel
3352.8826,3353.0448,0.1622,13,kernel
3352.8900,3353.1302,0.2402,14,D2H
3353.1345,3353.3746,0.2402,13,D2H
3353.4370,3353.6960,0.2591,15,H2D
3353.7046,3356.0615,2.3569,15,kernel
3356.0622,3356.2378,0.1756,15,kernel
3356.2453,3356.4855,0.2401,15,D2H
3358.4392,3358.6973,0.2581,13,H2D
3358.7058,3361.0876,2.3818,13,kernel
3361.0883,3361.2637,0.1754,13,kernel
3361.2720,3361.5122,0.2402,13,D2H
3361.9672,3362.2270,0.2598,14,H2D
3362.2321,3364.6270,2.3949,14,kernel
3364.1965,3364.4688,0.2723,13,H2D
3364.4718,3364.7442,0.2724,15,H2D
3364.5252,3366.9711,2.4459,13,kernel
3364.7469,3365.0131,0.2662,16,H2D
3366.8668,3367.0881,0.2213,14,kernel
3367.0814,3369.4710,2.3896,15,kernel
3367.0994,3367.3396,0.2402,14,D2H
3368.2750,3368.5418,0.2668,14,H2D
3369.3778,3371.8192,2.4414,16,kernel
3371.7160,3371.9379,0.2219,13,kernel
3371.9308,3374.3318,2.4010,14,kernel
3371.9442,3372.1844,0.2402,13,D2H
3373.3102,3373.5699,0.2597,13,H2D
3374.2332,3374.4544,0.2212,15,kernel
3374.4476,3374.6258,0.1782,16,kernel
3374.4601,3374.7005,0.2404,15,D2H
3374.6188,3377.0203,2.4015,13,kernel
3374.7048,3374.9450,0.2402,16,D2H
3376.3302,3376.5979,0.2676,15,H2D
3376.9212,3377.1436,0.2224,14,kernel
3377.1365,3379.5439,2.4074,15,kernel
3377.1529,3377.3932,0.2403,14,D2H
3378.6456,3378.9056,0.2600,16,H2D
3379.4386,3379.6604,0.2218,13,kernel
3379.6534,3382.0609,2.4076,16,kernel
3379.6669,3379.9072,0.2403,13,D2H
3380.5842,3380.8500,0.2658,14,H2D
3381.9550,3382.1783,0.2233,15,kernel
3382.0883,3382.3801,0.2919,13,H2D
3382.1712,3384.5754,2.4042,14,kernel
3382.1902,3382.4748,0.2846,15,D2H
3383.1362,3383.4037,0.2675,15,H2D
3384.4719,3384.6950,0.2231,16,kernel
3384.6877,3387.0861,2.3983,13,kernel
3384.7069,3384.9524,0.2455,16,D2H
3386.8262,3387.0919,0.2658,16,H2D
3386.9873,3389.4384,2.4511,15,kernel
3389.3306,3389.5550,0.2244,14,kernel
3389.5481,3389.7261,0.1779,13,kernel
3389.5578,3389.7980,0.2402,14,D2H
3389.7193,3392.1631,2.4438,16,kernel
3389.8024,3390.0428,0.2404,13,D2H
3390.7097,3390.9887,0.2791,14,H2D
3392.0585,3392.2965,0.2381,15,kernel
3392.2894,3394.9009,2.6115,14,kernel
3392.3004,3392.5408,0.2404,15,D2H
3393.4281,3393.6887,0.2606,13,H2D
3394.0976,3394.3647,0.2671,15,H2D
3394.7972,3395.0381,0.2409,16,kernel
3395.0306,3397.6416,2.6109,13,kernel
3395.0460,3395.2932,0.2472,16,D2H
3397.5407,3400.2091,2.6684,15,kernel
3399.8410,3400.1022,0.2612,16,H2D
3400.0912,3400.3332,0.2420,14,kernel
3400.3258,3400.5186,0.1928,13,kernel
3400.3443,3400.5852,0.2409,14,D2H
3400.5116,3403.1346,2.6230,16,kernel
3400.5897,3400.8301,0.2404,13,D2H
3402.4198,3402.6817,0.2619,13,H2D
3403.0206,3403.2600,0.2394,15,kernel
3403.2526,3405.8718,2.6193,13,kernel
3403.2622,3403.5026,0.2404,15,D2H
3405.0535,3405.3139,0.2604,14,H2D
3405.7570,3405.9972,0.2403,16,kernel
3405.9900,3408.6105,2.6205,14,kernel
3406.0001,3406.2567,0.2566,16,D2H
3406.1805,3406.4575,0.2770,15,H2D
3407.1792,3407.4462,0.2670,16,H2D
3408.4955,3408.7348,0.2392,13,kernel
3408.7273,3411.3427,2.6154,15,kernel
3408.7478,3408.9882,0.2404,13,D2H
3409.8265,3410.0925,0.2660,13,H2D
3411.2323,3413.9335,2.7012,16,kernel
3413.8211,3414.0688,0.2477,14,kernel
3414.0612,3416.7529,2.6918,13,kernel
3414.0772,3414.3177,0.2404,14,D2H
3415.2833,3415.5443,0.2610,14,H2D
3416.6346,3416.8813,0.2467,15,kernel
3416.8735,3417.0719,0.1984,16,kernel
3416.8837,3417.1243,0.2406,15,D2H
3417.0639,3419.7522,2.6883,14,kernel
3417.1288,3417.3693,0.2405,16,D2H
3419.0922,3419.3529,0.2606,15,H2D
3419.4273,3419.6919,0.2646,16,H2D
3419.6391,3419.8843,0.2451,13,kernel
3419.8766,3422.5527,2.6761,15,kernel
3419.8895,3420.1300,0.2405,13,D2H
3420.9313,3421.1993,0.2680,13,H2D
3422.4502,3425.1827,2.7325,16,kernel
3425.0705,3425.3178,0.2473,14,kernel
3425.3103,3427.9980,2.6877,13,kernel
3425.3208,3425.5612,0.2404,14,D2H
3426.3924,3426.6525,0.2601,14,H2D
3427.8856,3428.1310,0.2454,15,kernel
3428.1234,3428.3215,0.1981,16,kernel
3428.1377,3428.3783,0.2406,15,D2H
3428.3137,3431.0065,2.6927,14,kernel
3428.3830,3428.6235,0.2406,16,D2H
3430.8885,3431.1347,0.2463,13,kernel
3431.1272,3431.3245,0.1973,14,kernel
3431.1369,3431.3883,0.2514,13,D2H
3431.3616,3431.6757,0.3141,15,H2D
3431.3991,3431.7055,0.3063,14,D2H
3431.6827,3434.3486,2.6659,15,kernel
3434.3494,3434.5447,0.1953,15,kernel
3434.5509,3434.7913,0.2404,15,D2H
3441.5602,3441.8226,0.2624,13,H2D
3441.8253,3442.1014,0.2761,14,H2D
3441.8276,3444.5105,2.6829,13,kernel
3442.1050,3442.3790,0.2739,15,H2D
3442.3819,3442.6555,0.2736,16,H2D
3444.4026,3447.1371,2.7345,14,kernel
3447.0262,3449.7593,2.7331,15,kernel
3449.6491,3452.3879,2.7388,16,kernel
3452.2762,3452.5214,0.2451,13,kernel
3452.5138,3452.7122,0.1984,14,kernel
3452.5264,3452.7672,0.2408,13,D2H
3452.7044,3452.9023,0.1979,15,kernel
3452.7719,3453.0123,0.2404,14,D2H
3452.8948,3453.0920,0.1972,16,kernel
3453.0169,3453.2573,0.2404,15,D2H
3453.2620,3453.5024,0.2405,16,D2H
3456.2242,3456.4824,0.2582,13,H2D
3456.4915,3458.9461,2.4546,13,kernel
3458.9470,3459.1291,0.1821,13,kernel
3458.9615,3459.2416,0.2801,14,H2D
3459.1389,3459.4558,0.3169,13,D2H
3459.2453,3459.5471,0.3019,15,H2D
3459.2494,3461.7202,2.4708,14,kernel
3459.5498,3459.8164,0.2666,16,H2D
3460.3858,3460.6723,0.2865,13,H2D
3461.6195,3464.1307,2.5112,15,kernel
3464.0316,3466.5444,2.5128,16,kernel
3466.4455,3468.9693,2.5238,13,kernel
3468.8598,3469.0871,0.2273,14,kernel
3469.0798,3469.2629,0.1831,15,kernel
3469.0943,3469.3351,0.2408,14,D2H
3469.2558,3469.4387,0.1829,16,kernel
3469.3394,3469.5796,0.2402,15,D2H
3469.4315,3469.6137,0.1822,13,kernel
3469.5842,3469.8247,0.2405,16,D2H
3469.8292,3470.0695,0.2402,13,D2H
3472.0275,3472.2870,0.2595,14,H2D
3472.2956,3474.6867,2.3911,14,kernel
3474.6875,3474.8636,0.1761,14,kernel
3474.8436,3475.1528,0.3092,13,H2D
3474.8720,3475.1879,0.3158,14,D2H
3475.1563,3475.4256,0.2693,15,H2D
3475.1632,3477.5686,2.4054,13,kernel
3475.4285,3475.6935,0.2650,16,H2D
3476.5674,3476.8414,0.2740,14,H2D
3477.4684,3479.9090,2.4406,15,kernel
3479.8132,3482.2576,2.4443,16,kernel
3482.1609,3484.6056,2.4447,14,kernel
3484.5086,3484.7298,0.2212,13,kernel
3484.7230,3484.9012,0.1782,15,kernel
3484.7334,3484.9738,0.2405,13,D2H
3484.8944,3485.0721,0.1777,16,kernel
3484.9780,3485.2182,0.2402,15,D2H
3485.0654,3485.2429,0.1775,14,kernel
3485.2228,3485.4638,0.2410,16,D2H
3485.4684,3485.7087,0.2403,14,D2H
3490.0155,3490.2744,0.2589,13,H2D
3490.2848,3492.6729,2.3881,13,kernel
3492.4155,3492.6866,0.2712,14,H2D
3492.6761,3492.8541,0.1780,13,kernel
3492.6897,3492.9740,0.2843,15,H2D
3492.8474,3495.1895,2.3421,14,kernel
3492.8635,3493.1842,0.3207,13,D2H
3492.9778,3493.2806,0.3028,16,H2D
3495.0939,3497.4490,2.3551,15,kernel
3495.1253,3495.3942,0.2689,13,H2D
3497.3548,3499.7049,2.3501,16,kernel
3499.6022,3499.8157,0.2134,14,kernel
3499.8093,3502.1327,2.3234,13,kernel
3499.8181,3500.0583,0.2402,14,D2H
3500.8199,3501.0822,0.2623,14,H2D
3502.0278,3502.2418,0.2139,15,kernel
3502.2353,3502.4071,0.1718,16,kernel
3502.2459,3502.4866,0.2407,15,D2H
3502.4005,3504.7173,2.3168,14,kernel
3502.4925,3502.7327,0.2402,16,D2H
3504.6174,3504.8320,0.2147,13,kernel
3504.8256,3504.9972,0.1716,14,kernel
3504.8335,3505.1226,0.2891,13,D2H
3504.9099,3505.2196,0.3097,15,H2D
3505.1335,3505.3936,0.2601,14,D2H
3505.2276,3507.5363,2.3087,15,kernel
3506.6348,3506.8954,0.2605,16,H2D
3507.4446,3509.8065,2.3619,16,kernel
3509.7022,3509.9171,0.2149,15,kernel
3509.9106,3510.0815,0.1708,16,kernel
3509.9185,3510.1591,0.2405,15,D2H
3510.1635,3510.4259,0.2624,16,D2H
3510.3277,3510.6036,0.2759,13,H2D
3510.6117,3512.9067,2.2950,13,kernel
3512.9074,3513.0773,0.1699,13,kernel
3513.0786,3513.3188,0.2401,13,D2H
3513.5231,3513.7822,0.2591,14,H2D
3513.7912,3516.2284,2.4372,14,kernel
3514.2049,3514.4769,0.2720,13,H2D
3514.4802,3514.7535,0.2733,15,H2D
3514.7568,3515.0292,0.2724,16,H2D
3516.1299,3518.6318,2.5019,13,kernel
3518.5319,3521.0347,2.5029,15,kernel
3520.9358,3523.4456,2.5098,16,kernel
3523.3375,3523.5659,0.2284,14,kernel
3523.5586,3523.7412,0.1826,13,kernel
3523.5779,3523.8183,0.2404,14,D2H
3523.7341,3523.9160,0.1819,15,kernel
3523.8226,3524.0632,0.2406,13,D2H
3523.9092,3524.0905,0.1813,16,kernel
3524.0675,3524.3078,0.2404,15,D2H
3524.3124,3524.5528,0.2403,16,D2H
3526.6589,3526.9162,0.2573,14,H2D
3526.9224,3529.3659,2.4435,14,kernel
3529.3666,3529.5467,0.1801,14,kernel
3529.5514,3529.7918,0.2404,14,D2H
3530.4873,3530.7466,0.2593,13,H2D
3530.7524,3533.2111,2.4588,13,kernel
3532.4337,3532.7037,0.2700,14,H2D
3532.7066,3532.9798,0.2732,15,H2D
3532.9830,3533.2557,0.2728,16,H2D
3533.1127,3535.5621,2.4494,14,kernel
3535.4643,3537.9116,2.4474,15,kernel
3537.8050,3538.0260,0.2210,13,kernel
3538.0186,3540.4245,2.4059,16,kernel
3538.0324,3538.2728,0.2403,13,D2H
3539.1763,3539.4378,0.2614,13,H2D
3540.3161,3540.5386,0.2226,14,kernel
3540.5314,3540.7089,0.1775,15,kernel
3540.5497,3540.7901,0.2404,14,D2H
3540.7025,3543.1012,2.3987,13,kernel
3540.7943,3541.0346,0.2403,15,D2H
3542.5078,3542.7697,0.2619,14,H2D
3543.0027,3543.2231,0.2204,16,kernel
3543.2163,3545.6228,2.4065,14,kernel
3543.2308,3543.4714,0.2406,16,D2H
3544.2782,3544.5374,0.2593,15,H2D
3545.5153,3545.7359,0.2206,13,kernel
3545.7288,3548.1280,2.3992,15,kernel
3545.7391,3545.9793,0.2402,13,D2H
3546.3279,3546.5879,0.2600,16,H2D
3547.7291,3547.9968,0.2677,13,H2D
3548.0261,3548.2479,0.2218,14,kernel
3548.2411,3550.6345,2.3934,16,kernel
3548.2519,3548.4922,0.2403,14,D2H
3550.5387,3552.9780,2.4393,13,kernel
3551.7859,3552.0472,0.2613,14,H2D
3552.8805,3553.1004,0.2199,15,kernel
3553.0933,3553.2712,0.1779,16,kernel
3553.1027,3553.3431,0.2404,15,D2H
3553.2643,3555.6589,2.3945,14,kernel
3553.3480,3553.5883,0.2403,16,D2H
3555.5605,3555.7825,0.2220,13,kernel
3555.7758,3555.9524,0.1767,14,kernel
3555.7896,3556.0300,0.2403,13,D2H
3556.0343,3556.3014,0.2671,14,D2H
3556.1888,3556.4710,0.2822,15,H2D
3556.4756,3558.9602,2.4845,15,kernel
3558.9611,3559.1446,0.1835,15,kernel
3559.1464,3559.3867,0.2403,15,D2H
3568.4503,3568.7189,0.2686,13,H2D
3568.7220,3568.9980,0.2760,14,H2D
3568.7230,3571.2415,2.5185,13,kernel
3569.0011,3569.2759,0.2748,15,H2D
3569.2790,3569.5523,0.2733,16,H2D
3571.1403,3573.7040,2.5638,14,kernel
3573.5977,3576.0551,2.4574,15,kernel
3575.9679,3578.2238,2.2559,16,kernel
3578.1293,3578.3351,0.2057,13,kernel
3578.3284,3578.4931,0.1647,14,kernel
3578.3381,3578.5783,0.2402,13,D2H
3578.4869,3578.6512,0.1644,15,kernel
3578.5833,3578.8234,0.2401,14,D2H
3578.6451,3578.8095,0.1644,16,kernel
3578.8277,3579.0678,0.2402,15,D2H
3579.0723,3579.3124,0.2401,16,D2H
3582.1561,3582.4157,0.2596,13,H2D
3582.4242,3584.6396,2.2154,13,kernel
3583.2856,3583.5552,0.2697,14,H2D
3583.5582,3583.8451,0.2869,15,H2D
3583.8485,3584.1211,0.2727,16,H2D
3584.5455,3586.7956,2.2501,14,kernel
3586.7050,3588.9564,2.2514,15,kernel
3588.8666,3591.1239,2.2573,16,kernel
3591.0278,3591.2315,0.2037,13,kernel
3591.2252,3591.3899,0.1647,14,kernel
3591.2351,3591.4753,0.2403,13,D2H
3591.3836,3591.5483,0.1647,15,kernel
3591.4795,3591.7198,0.2403,14,D2H
3591.5420,3591.7060,0.1640,16,kernel
3591.7239,3591.9641,0.2402,15,D2H
3591.9689,3592.2089,0.2401,16,D2H
3594.8157,3595.0779,0.2623,13,H2D
3595.0809,3595.3556,0.2747,14,H2D
3595.0824,3597.3085,2.2261,13,kernel
3595.3585,3595.6334,0.2749,15,H2D
3595.6361,3595.9089,0.2728,16,H2D
3597.2170,3599.4969,2.2799,14,kernel
3599.4031,3601.6798,2.2767,15,kernel
3601.5878,3603.8666,2.2788,16,kernel
3603.7692,3603.9763,0.2070,13,kernel
3603.9694,3604.1356,0.1663,14,kernel
3603.9838,3604.2240,0.2402,13,D2H
3604.1293,3604.2957,0.1664,15,kernel
3604.2282,3604.4685,0.2403,14,D2H
3604.2891,3604.4545,0.1654,16,kernel
3604.4726,3604.7127,0.2401,15,D2H
3604.7170,3604.9571,0.2401,16,D2H
3607.8859,3608.1464,0.2604,13,H2D
3608.1506,3610.3683,2.2176,13,kernel
3610.3690,3610.5329,0.1639,13,kernel
3610.5367,3610.7768,0.2401,13,D2H
3611.3423,3611.6018,0.2596,14,H2D
3611.6106,3613.8292,2.2186,14,kernel
3613.8300,3613.9941,0.1641,14,kernel
3613.9964,3614.2365,0.2401,14,D2H
3615.0738,3615.3317,0.2579,13,H2D
3615.3369,3617.5225,2.1856,13,kernel
3616.5022,3616.7743,0.2721,14,H2D
3616.7781,3617.0537,0.2757,15,H2D
3617.0565,3617.3311,0.2747,16,H2D
3617.4341,3619.6576,2.2234,14,kernel
3619.5704,3621.7963,2.2258,15,kernel
3621.7066,3623.9380,2.2315,16,kernel
3623.8416,3624.0448,0.2032,13,kernel
3624.0389,3624.2017,0.1628,14,kernel
3624.0530,3624.2934,0.2404,13,D2H
3624.1957,3624.3586,0.1630,15,kernel
3624.2975,3624.5380,0.2406,14,D2H
3624.3523,3624.5144,0.1621,16,kernel
3624.5421,3624.7821,0.2400,15,D2H
3624.7866,3625.0266,0.2401,16,D2H
3627.7072,3627.9664,0.2592,13,H2D
3627.9717,3630.1569,2.1852,13,kernel
3629.0283,3629.2974,0.2691,14,H2D
3629.3006,3629.5741,0.2735,15,H2D
3629.5770,3629.8517,0.2747,16,H2D
3630.0696,3632.2985,2.2289,14,kernel
3632.2080,3634.4355,2.2276,15,kernel
3634.3433,3636.5686,2.2253,16,kernel
3636.4781,3636.6810,0.2029,13,kernel
3636.6749,3636.8377,0.1628,14,kernel
3636.6858,3636.9260,0.2402,13,D2H
3636.8315,3636.9943,0.1628,15,kernel
3636.9302,3637.1703,0.2401,14,D2H
3636.9881,3637.1502,0.1621,16,kernel
3637.1746,3637.4146,0.2400,15,D2H
3637.4190,3637.6630,0.2440,16,D2H
3640.3041,3640.5620,0.2579,13,H2D
3640.5666,3642.7519,2.1853,13,kernel
3641.8774,3642.1493,0.2719,14,H2D
3642.1528,3642.4282,0.2754,15,H2D
3642.4309,3642.7041,0.2732,16,H2D
3642.6614,3644.8924,2.2310,14,kernel
3644.8010,3647.0299,2.2288,15,kernel
3646.9376,3649.1713,2.2336,16,kernel
3649.0745,3649.2767,0.2022,13,kernel
3649.2700,3649.4333,0.1633,14,kernel
3649.2814,3649.5217,0.2403,13,D2H
3649.4269,3649.5896,0.1627,15,kernel
3649.5258,3649.7660,0.2402,14,D2H
3649.5834,3649.7453,0.1619,16,kernel
3649.7702,3650.0102,0.2400,15,D2H
3650.0146,3650.2550,0.2403,16,D2H
3653.0953,3653.3533,0.2580,13,H2D
3653.3590,3655.5440,2.1850,13,kernel
3654.9089,3655.1791,0.2702,14,H2D
3655.1822,3655.4566,0.2744,15,H2D
3655.4550,3657.6899,2.2349,14,kernel
3655.4593,3655.7278,0.2685,16,H2D
3657.5964,3659.9950,2.3986,15,kernel
3659.8906,3660.1075,0.2169,13,kernel
3660.1010,3662.4561,2.3551,16,kernel
3660.1111,3660.3514,0.2403,13,D2H
3661.1875,3661.4484,0.2609,13,H2D
3662.3537,3662.5698,0.2161,14,kernel
3662.5633,3662.7375,0.1742,15,kernel
3662.5720,3662.8123,0.2403,14,D2H
3662.7309,3665.0799,2.3489,13,kernel
3662.8167,3663.0571,0.2404,15,D2H
3664.9852,3665.2012,0.2160,16,kernel
3665.0760,3665.3597,0.2837,14,H2D
3665.1944,3665.3691,0.1747,13,kernel
3665.2097,3665.4867,0.2770,16,D2H
3665.3662,3667.7132,2.3470,14,kernel
3665.4907,3665.7309,0.2403,13,D2H
3665.7402,3666.0003,0.2601,15,H2D
3667.6164,3670.0087,2.3923,15,kernel
3669.9084,3670.1242,0.2158,14,kernel
3670.1173,3670.2907,0.1734,15,kernel
3670.1296,3670.3701,0.2404,14,D2H
3670.3745,3670.6147,0.2403,15,D2H
3670.8498,3671.1097,0.2599,13,H2D
3671.1181,3673.4459,2.3279,13,kernel
3673.4468,3673.6188,0.1720,13,kernel
3673.6280,3673.8682,0.2402,13,D2H
3674.0476,3674.3082,0.2606,14,H2D
3674.3136,3676.7397,2.4261,14,kernel
3675.2040,3675.4755,0.2715,13,H2D
3675.4791,3675.7533,0.2742,15,H2D
3675.7563,3676.0289,0.2726,16,H2D
3676.6392,3679.1913,2.5521,13,kernel
3679.0913,3681.6397,2.5485,15,kernel
3681.5423,3684.1039,2.5616,16,kernel
3683.9920,3684.2241,0.2322,14,kernel
3684.2168,3684.4028,0.1861,13,kernel
3684.2255,3684.4659,0.2404,14,D2H
3684.3953,3684.5814,0.1861,15,kernel
3684.4709,3684.7114,0.2405,13,D2H
3684.5738,3684.7586,0.1848,16,kernel
3684.7157,3684.9563,0.2406,15,D2H
3684.9608,3685.2012,0.2403,16,D2H
3688.4281,3688.6869,0.2588,14,H2D
3688.6914,3691.1853,2.4939,14,kernel
3691.1861,3691.3697,0.1836,14,kernel
3691.3743,3691.6146,0.2403,14,D2H
3691.6746,3691.9341,0.2595,13,H2D
3691.9438,3694.4368,2.4930,13,kernel
3694.4375,3694.6210,0.1835,13,kernel
3694.6226,3694.8631,0.2404,13,D2H
3695.4717,3695.7316,0.2600,14,H2D
3695.7373,3698.1821,2.4448,14,kernel
3698.1830,3698.3596,0.1766,14,kernel
3698.3663,3698.6064,0.2401,14,D2H
3698.8410,3699.1009,0.2599,13,H2D
3699.1095,3701.5135,2.4040,13,kernel
3699.9196,3700.1911,0.2716,14,H2D
3700.1941,3700.4708,0.2768,15,H2D
3700.4741,3700.7472,0.2731,16,H2D
3701.4158,3703.8621,2.4463,14,kernel
3703.7647,3706.2062,2.4415,15,kernel
3706.1104,3708.5628,2.4524,16,kernel
3708.4580,3708.6795,0.2215,13,kernel
3708.6728,3708.8509,0.1781,14,kernel
3708.6850,3708.9255,0.2405,13,D2H
3708.8443,3709.0220,0.1777,15,kernel
3708.9300,3709.1704,0.2403,14,D2H
3709.0153,3709.1926,0.1773,16,kernel
3709.1746,3709.4151,0.2405,15,D2H
3709.4196,3709.6598,0.2403,16,D2H
3712.7896,3713.0491,0.2595,13,H2D
3713.0591,3715.4607,2.4015,13,kernel
3713.3473,3713.6164,0.2691,14,H2D
3713.6196,3713.8935,0.2739,15,H2D
3713.8967,3714.1712,0.2745,16,H2D
3715.3646,3717.7997,2.4352,14,kernel
3717.7077,3720.1438,2.4361,15,kernel
3720.0491,3722.4949,2.4458,16,kernel
3722.3931,3722.6126,0.2195,13,kernel
3722.6056,3722.7834,0.1778,14,kernel
3722.6155,3722.8559,0.2404,13,D2H
3722.7766,3722.9539,0.1773,15,kernel
3722.8601,3723.1003,0.2402,14,D2H
3722.9472,3723.1236,0.1764,16,kernel
3723.1046,3723.3449,0.2403,15,D2H
3723.3495,3723.5897,0.2402,16,D2H
3726.9826,3727.2472,0.2647,13,H2D
3727.2499,3727.5258,0.2760,14,H2D
3727.2566,3729.6551,2.3985,13,kernel
3727.5286,3727.8015,0.2729,15,H2D
3727.8048,3728.0776,0.2728,16,H2D
3729.5588,3732.0058,2.4470,14,kernel
3731.9009,3734.3421,2.4412,15,kernel
3734.2443,3736.6623,2.4181,16,kernel
3736.5584,3736.7720,0.2135,13,kernel
3736.7653,3736.9374,0.1721,14,kernel
3736.7796,3737.0199,0.2403,13,D2H
3736.9307,3737.1026,0.1719,15,kernel
3737.0249,3737.2651,0.2402,14,D2H
3737.0961,3737.2669,0.1709,16,kernel
3737.2699,3737.5102,0.2402,15,D2H
3737.5152,3737.7553,0.2401,16,D2H
3740.6923,3740.9546,0.2623,13,H2D
3740.9581,3741.2324,0.2742,14,H2D
3740.9593,3743.2755,2.3162,13,kernel
3741.2352,3741.5096,0.2744,15,H2D
3741.5125,3741.7861,0.2736,16,H2D
3743.1791,3745.5302,2.3511,14,kernel
3745.4384,3747.7898,2.3514,15,kernel
3747.6969,3750.0539,2.3571,16,kernel
3749.9539,3750.1689,0.2149,13,kernel
3750.1621,3750.3336,0.1715,14,kernel
3750.1701,3750.4105,0.2404,13,D2H
3750.3271,3750.4986,0.1715,15,kernel
3750.4147,3750.6550,0.2403,14,D2H
3750.4918,3750.6631,0.1712,16,kernel
3750.6591,3750.8992,0.2401,15,D2H
3750.9037,3751.1439,0.2402,16,D2H
3753.9685,3754.2281,0.2595,13,H2D
3754.2383,3756.5339,2.2956,13,kernel
3756.5192,3756.7942,0.2750,14,H2D
3756.5347,3756.7063,0.1716,13,kernel
3756.7100,3757.0330,0.3230,13,D2H
3756.7988,3757.1074,0.3086,15,H2D
3756.8097,3759.1237,2.3140,14,kernel
3757.1104,3757.3761,0.2656,16,H2D
3757.7579,3758.0319,0.2740,13,H2D
3759.0265,3761.3753,2.3488,15,kernel
3761.2865,3763.6356,2.3492,16,kernel
3763.5423,3765.8995,2.3572,13,kernel
3765.8022,3766.0155,0.2133,14,kernel
3766.0091,3766.1807,0.1716,15,kernel
3766.0197,3766.2600,0.2403,14,D2H
3766.1743,3766.3458,0.1715,16,kernel
3766.2642,3766.5053,0.2411,15,D2H
3766.3394,3766.5102,0.1708,13,kernel
3766.5095,3766.7497,0.2402,16,D2H
3766.7543,3766.9945,0.2402,13,D2H
3771.9062,3772.1661,0.2600,14,H2D
3772.1699,3774.4657,2.2958,14,kernel
3774.3394,3774.6048,0.2654,13,H2D
3774.4725,3774.6468,0.1743,14,kernel
3774.6078,3774.9169,0.3092,15,H2D
3774.6400,3776.9284,2.2884,13,kernel
3774.6488,3774.9694,0.3206,14,D2H
3774.9209,3775.1930,0.2721,16,H2D
3776.8347,3779.0812,2.2465,15,kernel
3777.6854,3777.9516,0.2663,14,H2D
3778.9935,3781.2487,2.2552,16,kernel
3781.1514,3781.3570,0.2057,13,kernel
3781.3507,3783.5647,2.2140,14,kernel
3781.3603,3781.6005,0.2402,13,D2H
3782.5343,3782.7933,0.2590,13,H2D
3783.4703,3783.6747,0.2043,15,kernel
3783.6684,3783.8329,0.1644,16,kernel
3783.6823,3783.9224,0.2401,15,D2H
3783.8266,3786.0422,2.2156,13,kernel
3783.9271,3784.1672,0.2401,16,D2H
3785.8225,3786.0902,0.2677,15,H2D
3785.9448,3786.1515,0.2067,14,kernel
3786.1453,3786.3093,0.1640,13,kernel
3786.1593,3786.3994,0.2401,14,D2H
3786.3033,3788.5154,2.2121,15,kernel
3786.4036,3786.6437,0.2401,13,D2H
3787.0464,3787.3068,0.2604,16,H2D
3788.4238,3790.6771,2.2533,16,kernel
3789.0940,3789.3592,0.2652,13,H2D
3789.3620,3789.6289,0.2670,14,H2D
3790.5826,3790.7863,0.2037,15,kernel
3790.7799,3792.9920,2.2121,13,kernel
3790.7910,3791.0311,0.2401,15,D2H
3792.8994,3795.1545,2.2551,14,kernel
3794.0479,3794.3092,0.2613,15,H2D
3795.0565,3795.2618,0.2054,16,kernel
3795.2553,3795.4198,0.1645,13,kernel
3795.2659,3795.5066,0.2407,16,D2H
3795.4134,3797.7056,2.2922,15,kernel
3795.5108,3795.7510,0.2402,13,D2H
3797.2181,3797.4799,0.2618,16,H2D
3797.6075,3797.8339,0.2264,14,kernel
3797.8267,3800.2878,2.4611,16,kernel
3797.8356,3798.0759,0.2403,14,D2H
3800.1856,3800.4136,0.2280,15,kernel
3800.4066,3800.5879,0.1813,16,kernel
3800.4218,3800.6624,0.2406,15,D2H
3800.6670,3800.9073,0.2403,16,D2H
3807.7421,3808.0087,0.2666,13,H2D
3808.0113,3808.2894,0.2781,14,H2D
3808.0187,3810.4799,2.4613,13,kernel
3808.2925,3808.5676,0.2751,15,H2D
3808.5706,3808.8449,0.2742,16,H2D
3810.3835,3812.8865,2.5030,14,kernel
3812.7857,3815.3025,2.5168,15,kernel
3815.1942,3817.6747,2.4805,16,kernel
3817.5726,3817.7891,0.2165,13,kernel
3817.7825,3817.9567,0.1742,14,kernel
3817.7916,3818.0319,0.2403,13,D2H
3817.9499,3818.1243,0.1744,15,kernel
3818.0363,3818.2765,0.2403,14,D2H
3818.1175,3818.2908,0.1733,16,kernel
3818.2807,3818.5211,0.2404,15,D2H
3818.5264,3818.7666,0.2403,16,D2H
3821.2399,3821.5023,0.2624,13,H2D
3821.5085,3823.8408,2.3322,13,kernel
3823.8416,3824.0139,0.1723,13,kernel
3824.0154,3824.2556,0.2402,13,D2H
3824.6543,3824.9138,0.2595,14,H2D
3824.9225,3827.2690,2.3465,14,kernel
3825.6409,3825.9129,0.2720,13,H2D
3825.9159,3826.1897,0.2738,15,H2D
3826.1925,3826.4661,0.2736,16,H2D
3827.1756,3829.5657,2.3900,13,kernel
3829.4675,3831.8556,2.3881,15,kernel
3831.7595,3834.1439,2.3845,16,kernel
3834.0513,3834.2700,0.2186,14,kernel
3834.2630,3834.4376,0.1746,13,kernel
3834.2756,3834.5158,0.2403,14,D2H
3834.4307,3834.6047,0.1741,15,kernel
3834.5201,3834.7605,0.2403,13,D2H
3834.5981,3834.7716,0.1735,16,kernel
3834.7647,3835.0050,0.2402,15,D2H
3835.0094,3835.2496,0.2402,16,D2H
3837.0263,3837.2863,0.2600,14,H2D
3837.2919,3839.6244,2.3325,14,kernel
3839.6251,3839.7974,0.1723,14,kernel
3839.8041,3840.0444,0.2403,14,D2H
3840.1055,3840.3644,0.2589,13,H2D
3840.3702,3842.7158,2.3457,13,kernel
3841.8898,3842.1593,0.2695,14,H2D
3842.1624,3842.4370,0.2747,15,H2D
3842.4402,3842.7130,0.2729,16,H2D
3842.6205,3845.0054,2.3849,14,kernel
3844.9122,3847.3094,2.3972,15,kernel
3847.2055,3847.4231,0.2177,13,kernel
3847.4166,3849.7673,2.3507,16,kernel
3847.4301,3847.6704,0.2403,13,D2H
3848.5286,3848.7890,0.2605,13,H2D
3849.6685,3849.8849,0.2165,14,kernel
3849.8785,3850.0527,0.1743,15,kernel
3849.8861,3850.1263,0.2403,14,D2H
3850.0462,3852.3937,2.3474,13,kernel
3850.1306,3850.3709,0.2402,15,D2H
3851.6037,3851.8647,0.2610,14,H2D
3852.2979,3852.5146,0.2167,16,kernel
3852.5078,3854.8624,2.3546,14,kernel
3852.5161,3852.7564,0.2403,16,D2H
3852.8158,3853.0770,0.2613,15,H2D
3853.5012,3853.7695,0.2684,16,H2D
3854.7594,3854.9770,0.2175,13,kernel
3854.9702,3857.3170,2.3467,15,kernel
3854.9809,3855.2234,0.2426,13,D2H
3855.8426,3856.1085,0.2659,13,H2D
3857.2197,3859.6090,2.3893,16,kernel
3859.5101,3859.7299,0.2199,14,kernel
3859.7233,3862.1665,2.4431,13,kernel
3859.7334,3859.9736,0.2402,14,D2H
3860.5756,3860.8366,0.2610,14,H2D
3862.0644,3862.2901,0.2257,15,kernel
3862.2833,3862.4667,0.1835,16,kernel
3862.2955,3862.5360,0.2404,15,D2H
3862.4590,3864.9217,2.4627,14,kernel
3862.5404,3862.7807,0.2403,16,D2H
3864.8172,3865.0473,0.2301,13,kernel
3865.0400,3865.2218,0.1818,14,kernel
3865.0501,3865.2906,0.2404,13,D2H
3865.2948,3865.5350,0.2402,14,D2H
3867.6712,3867.9389,0.2678,15,H2D
3867.9479,3870.3943,2.4464,15,kernel
3870.3952,3870.5755,0.1803,15,kernel
3870.5838,3870.8240,0.2402,15,D2H
3874.8749,3875.1431,0.2682,13,H2D
3875.1458,3875.4204,0.2746,14,H2D
3875.1466,3877.6056,2.4590,13,kernel
3875.4243,3875.6993,0.2750,15,H2D
3875.7020,3875.9743,0.2723,16,H2D
3877.5083,3879.9026,2.3942,14,kernel
3879.8109,3882.2018,2.3909,15,kernel
3882.1063,3884.5074,2.4011,16,kernel
3884.4011,3884.6182,0.2171,13,kernel
3884.6113,3884.7855,0.1742,14,kernel
3884.6221,3884.8667,0.2446,13,D2H
3884.7787,3884.9528,0.1741,15,kernel
3884.8727,3885.1132,0.2405,14,D2H
3884.9462,3885.1198,0.1736,16,kernel
3885.1173,3885.3577,0.2404,15,D2H
3885.3627,3885.6071,0.2444,16,D2H
3887.7430,3888.0030,0.2600,13,H2D
3888.0107,3890.3620,2.3513,13,kernel
3888.8845,3889.1573,0.2727,14,H2D
3889.1603,3889.4365,0.2762,15,H2D
3889.4394,3889.7121,0.2728,16,H2D
3890.2653,3892.6517,2.3863,14,kernel
3892.5575,3894.9479,2.3904,15,kernel
3894.8504,3897.2446,2.3942,16,kernel
3897.1435,3897.3611,0.2176,13,kernel
3897.3546,3897.5284,0.1739,14,kernel
3897.3632,3897.6035,0.2403,13,D2H
3897.5220,3897.6956,0.1735,15,kernel
3897.6078,3897.8482,0.2403,14,D2H
3897.6894,3897.8602,0.1707,16,kernel
3897.8523,3898.0927,0.2404,15,D2H
3898.0973,3898.3374,0.2402,16,D2H
3903.1500,3903.4102,0.2602,13,H2D
3903.4128,3903.6892,0.2764,14,H2D
3903.4210,3905.7363,2.3152,13,kernel
3903.6920,3903.9679,0.2759,15,H2D
3903.9706,3904.2472,0.2765,16,H2D
3905.6386,3907.9932,2.3546,14,kernel
3907.8989,3910.2472,2.3482,15,kernel
3910.1571,3912.5129,2.3558,16,kernel
3912.4159,3912.6282,0.2123,13,kernel
3912.6217,3912.7936,0.1719,14,kernel
3912.6328,3912.8731,0.2403,13,D2H
3912.7872,3912.9586,0.1714,15,kernel
3912.8774,3913.1177,0.2403,14,D2H
3912.9521,3913.1230,0.1709,16,kernel
3913.1218,3913.3619,0.2401,15,D2H
3913.3664,3913.6065,0.2402,16,D2H
3915.4070,3915.6682,0.2612,13,H2D
3915.6710,3915.9472,0.2762,14,H2D
3915.6797,3917.9939,2.3141,13,kernel
3915.9507,3916.2307,0.2801,15,H2D
3916.2336,3916.5214,0.2878,16,H2D
3917.8959,3920.2478,2.3519,14,kernel
3920.1561,3922.5090,2.3530,15,kernel
3922.4113,3924.7691,2.3578,16,kernel
3924.6688,3924.8848,0.2160,13,kernel
3924.8779,3925.0500,0.1721,14,kernel
3924.8882,3925.1297,0.2416,13,D2H
3925.0433,3925.2150,0.1717,15,kernel
3925.1356,3925.3760,0.2404,14,D2H
3925.2081,3925.3789,0.1708,16,kernel
3925.3809,3925.6212,0.2402,15,D2H
3925.6263,3925.8664,0.2401,16,D2H
3927.7737,3928.0346,0.2609,13,H2D
3928.0365,3928.2950,0.2585,14,H2D
3928.0431,3930.3543,2.3113,13,kernel
3930.2596,3932.6140,2.3544,14,kernel
3932.5179,3932.7315,0.2136,13,kernel
3932.7249,3932.8961,0.1712,14,kernel
3932.7337,3932.9741,0.2404,13,D2H
3932.9782,3933.2184,0.2402,14,D2H
